JOUR;NB_HOSPITALISATIONS;NB_CONSULTATIONS_LIEES;NB_MEDECINS_RESPONSABLES;DUREE_MOYENNE_JOURS;COUT_TOTAL;COUT_MOYEN;NB_CHAMBRES_UTILISEES;NB_PATIENTS_AU_MOINS_1_NUIT;PCT_PATIENTS_1_NUIT_PLUS
2026-04-29;498;498;67;5.26506;38674;77.658635;374;498;100.0
2026-04-30;818;818;67;5.409535;65819;80.463325;508;818;100.0
2026-05-01;472;472;67;4.980932;35920;76.101695;359;472;100.0
2026-05-02;450;450;67;5.284444;34726;77.168889;333;450;100.0
2026-05-03;1289;1289;67;5.632273;106682;82.763382;638;1289;100.0
2026-05-04;445;445;67;5.739326;36803;82.703371;330;445;100.0
2026-05-05;1128;1128;67;5.049645;85401;75.710106;594;1128;100.0
2026-05-06;1170;1170;67;5.27265;90423;77.284615;612;1170;100.0
2026-05-07;1256;1256;67;5.545382;101037;80.443471;625;1256;100.0
2026-05-08;1371;1371;67;5.390956;108266;78.968636;649;1371;100.0
2026-05-09;476;476;67;4.747899;33711;70.821429;357;476;100.0
2026-05-10;1389;1389;67;5.321814;109827;79.069114;637;1389;100.0
