MOIS;PATHOLOGIE;SPECIALITE;NB_MEDECINS;TOTAL_MEDECINS;PROPORTION_PCT
2026-04-01;Pathology1;Chirurgien;6;16;37.5
2026-04-01;Pathology1;Dermatologiste;5;16;31.25
2026-04-01;Pathology1;Generaliste;5;16;31.25
2026-04-01;Pathology10;Chirurgien;8;16;50.0
2026-04-01;Pathology10;Generaliste;5;16;31.25
2026-04-01;Pathology10;Dermatologiste;2;16;12.5
2026-04-01;Pathology10;Dentiste;1;16;6.25
2026-04-01;Pathology11;Generaliste;7;18;38.89
2026-04-01;Pathology11;Dermatologiste;5;18;27.78
2026-04-01;Pathology11;Chirurgien;3;18;16.67
2026-04-01;Pathology11;Dentiste;3;18;16.67
2026-04-01;Pathology12;Dermatologiste;8;24;33.33
2026-04-01;Pathology12;Generaliste;7;24;29.17
2026-04-01;Pathology12;Chirurgien;6;24;25.0
2026-04-01;Pathology12;Dentiste;3;24;12.5
2026-04-01;Pathology13;Generaliste;7;13;53.85
2026-04-01;Pathology13;Chirurgien;4;13;30.77
2026-04-01;Pathology13;Dermatologiste;2;13;15.38
2026-04-01;Pathology14;Generaliste;7;16;43.75
2026-04-01;Pathology14;Chirurgien;6;16;37.5
2026-04-01;Pathology14;Dermatologiste;3;16;18.75
2026-04-01;Pathology15;Dermatologiste;6;14;42.86
2026-04-01;Pathology15;Generaliste;3;14;21.43
2026-04-01;Pathology15;Chirurgien;3;14;21.43
2026-04-01;Pathology15;Cardiologue;1;14;7.14
2026-04-01;Pathology15;Dentiste;1;14;7.14
2026-04-01;Pathology16;Dermatologiste;5;13;38.46
2026-04-01;Pathology16;Generaliste;4;13;30.77
2026-04-01;Pathology16;Chirurgien;3;13;23.08
2026-04-01;Pathology16;Dentiste;1;13;7.69
2026-04-01;Pathology17;Chirurgien;5;13;38.46
2026-04-01;Pathology17;Generaliste;4;13;30.77
2026-04-01;Pathology17;Dermatologiste;3;13;23.08
2026-04-01;Pathology17;Dentiste;1;13;7.69
2026-04-01;Pathology18;Dermatologiste;5;17;29.41
2026-04-01;Pathology18;Generaliste;5;17;29.41
2026-04-01;Pathology18;Chirurgien;4;17;23.53
2026-04-01;Pathology18;Dentiste;3;17;17.65
2026-04-01;Pathology19;Chirurgien;7;18;38.89
2026-04-01;Pathology19;Dermatologiste;5;18;27.78
2026-04-01;Pathology19;Generaliste;4;18;22.22
2026-04-01;Pathology19;Dentiste;2;18;11.11
2026-04-01;Pathology2;Generaliste;9;16;56.25
2026-04-01;Pathology2;Dermatologiste;5;16;31.25
2026-04-01;Pathology2;Chirurgien;2;16;12.5
2026-04-01;Pathology20;Chirurgien;6;14;42.86
2026-04-01;Pathology20;Generaliste;5;14;35.71
2026-04-01;Pathology20;Dermatologiste;2;14;14.29
2026-04-01;Pathology20;Dentiste;1;14;7.14
2026-04-01;Pathology21;Generaliste;6;18;33.33
2026-04-01;Pathology21;Dermatologiste;5;18;27.78
2026-04-01;Pathology21;Chirurgien;5;18;27.78
2026-04-01;Pathology21;Dentiste;2;18;11.11
2026-04-01;Pathology22;Generaliste;5;13;38.46
2026-04-01;Pathology22;Chirurgien;5;13;38.46
2026-04-01;Pathology22;Dermatologiste;2;13;15.38
2026-04-01;Pathology22;Dentiste;1;13;7.69
2026-04-01;Pathology23;Generaliste;7;16;43.75
2026-04-01;Pathology23;Chirurgien;6;16;37.5
2026-04-01;Pathology23;Cardiologue;1;16;6.25
2026-04-01;Pathology23;Dermatologiste;1;16;6.25
2026-04-01;Pathology23;Dentiste;1;16;6.25
2026-04-01;Pathology24;Generaliste;9;16;56.25
2026-04-01;Pathology24;Chirurgien;5;16;31.25
2026-04-01;Pathology24;Dermatologiste;2;16;12.5
2026-04-01;Pathology25;Generaliste;7;16;43.75
2026-04-01;Pathology25;Chirurgien;5;16;31.25
2026-04-01;Pathology25;Dermatologiste;4;16;25.0
2026-04-01;Pathology26;Generaliste;6;13;46.15
2026-04-01;Pathology26;Chirurgien;5;13;38.46
2026-04-01;Pathology26;Dermatologiste;2;13;15.38
2026-04-01;Pathology27;Generaliste;8;13;61.54
2026-04-01;Pathology27;Chirurgien;3;13;23.08
2026-04-01;Pathology27;Dermatologiste;1;13;7.69
2026-04-01;Pathology27;Dentiste;1;13;7.69
2026-04-01;Pathology28;Generaliste;8;17;47.06
2026-04-01;Pathology28;Chirurgien;6;17;35.29
2026-04-01;Pathology28;Dermatologiste;2;17;11.76
2026-04-01;Pathology28;Dentiste;1;17;5.88
2026-04-01;Pathology29;Generaliste;8;20;40.0
2026-04-01;Pathology29;Chirurgien;7;20;35.0
2026-04-01;Pathology29;Dermatologiste;4;20;20.0
2026-04-01;Pathology29;Dentiste;1;20;5.0
2026-04-01;Pathology3;Chirurgien;6;15;40.0
2026-04-01;Pathology3;Generaliste;6;15;40.0
2026-04-01;Pathology3;Dermatologiste;2;15;13.33
2026-04-01;Pathology3;Dentiste;1;15;6.67
2026-04-01;Pathology30;Dermatologiste;6;13;46.15
2026-04-01;Pathology30;Generaliste;5;13;38.46
2026-04-01;Pathology30;Chirurgien;1;13;7.69
2026-04-01;Pathology30;Cardiologue;1;13;7.69
2026-04-01;Pathology31;Chirurgien;10;19;52.63
2026-04-01;Pathology31;Generaliste;4;19;21.05
2026-04-01;Pathology31;Dermatologiste;3;19;15.79
2026-04-01;Pathology31;Dentiste;2;19;10.53
2026-04-01;Pathology32;Generaliste;6;13;46.15
2026-04-01;Pathology32;Dermatologiste;5;13;38.46
2026-04-01;Pathology32;Chirurgien;2;13;15.38
2026-04-01;Pathology33;Generaliste;6;16;37.5
2026-04-01;Pathology33;Dermatologiste;5;16;31.25
2026-04-01;Pathology33;Chirurgien;4;16;25.0
2026-04-01;Pathology33;Dentiste;1;16;6.25
2026-04-01;Pathology34;Chirurgien;7;12;58.33
2026-04-01;Pathology34;Dermatologiste;5;12;41.67
2026-04-01;Pathology35;Chirurgien;11;20;55.0
2026-04-01;Pathology35;Generaliste;5;20;25.0
2026-04-01;Pathology35;Dermatologiste;4;20;20.0
2026-04-01;Pathology36;Generaliste;7;11;63.64
2026-04-01;Pathology36;Chirurgien;3;11;27.27
2026-04-01;Pathology36;Dermatologiste;1;11;9.09
2026-04-01;Pathology37;Generaliste;7;15;46.67
2026-04-01;Pathology37;Chirurgien;4;15;26.67
2026-04-01;Pathology37;Dermatologiste;4;15;26.67
2026-04-01;Pathology38;Chirurgien;7;18;38.89
2026-04-01;Pathology38;Generaliste;7;18;38.89
2026-04-01;Pathology38;Dermatologiste;4;18;22.22
2026-04-01;Pathology39;Generaliste;8;17;47.06
2026-04-01;Pathology39;Chirurgien;4;17;23.53
2026-04-01;Pathology39;Dermatologiste;2;17;11.76
2026-04-01;Pathology39;Dentiste;2;17;11.76
2026-04-01;Pathology39;Cardiologue;1;17;5.88
2026-04-01;Pathology4;Chirurgien;9;18;50.0
2026-04-01;Pathology4;Generaliste;6;18;33.33
2026-04-01;Pathology4;Dermatologiste;3;18;16.67
2026-04-01;Pathology40;Dermatologiste;5;11;45.45
2026-04-01;Pathology40;Chirurgien;3;11;27.27
2026-04-01;Pathology40;Generaliste;2;11;18.18
2026-04-01;Pathology40;Dentiste;1;11;9.09
2026-04-01;Pathology41;Generaliste;7;13;53.85
2026-04-01;Pathology41;Chirurgien;4;13;30.77
2026-04-01;Pathology41;Dermatologiste;2;13;15.38
2026-04-01;Pathology42;Generaliste;8;17;47.06
2026-04-01;Pathology42;Chirurgien;5;17;29.41
2026-04-01;Pathology42;Dermatologiste;3;17;17.65
2026-04-01;Pathology42;Dentiste;1;17;5.88
2026-04-01;Pathology43;Generaliste;7;14;50.0
2026-04-01;Pathology43;Chirurgien;3;14;21.43
2026-04-01;Pathology43;Dermatologiste;3;14;21.43
2026-04-01;Pathology43;Dentiste;1;14;7.14
2026-04-01;Pathology44;Dermatologiste;7;19;36.84
2026-04-01;Pathology44;Chirurgien;5;19;26.32
2026-04-01;Pathology44;Generaliste;5;19;26.32
2026-04-01;Pathology44;Dentiste;2;19;10.53
2026-04-01;Pathology45;Chirurgien;5;15;33.33
2026-04-01;Pathology45;Generaliste;5;15;33.33
2026-04-01;Pathology45;Dermatologiste;4;15;26.67
2026-04-01;Pathology45;Dentiste;1;15;6.67
2026-04-01;Pathology46;Chirurgien;6;15;40.0
2026-04-01;Pathology46;Dermatologiste;5;15;33.33
2026-04-01;Pathology46;Generaliste;4;15;26.67
2026-04-01;Pathology47;Generaliste;8;20;40.0
2026-04-01;Pathology47;Chirurgien;6;20;30.0
2026-04-01;Pathology47;Dermatologiste;5;20;25.0
2026-04-01;Pathology47;Cardiologue;1;20;5.0
2026-04-01;Pathology48;Generaliste;10;20;50.0
2026-04-01;Pathology48;Chirurgien;8;20;40.0
2026-04-01;Pathology48;Dermatologiste;2;20;10.0
2026-04-01;Pathology49;Generaliste;6;16;37.5
2026-04-01;Pathology49;Chirurgien;5;16;31.25
2026-04-01;Pathology49;Dermatologiste;4;16;25.0
2026-04-01;Pathology49;Dentiste;1;16;6.25
2026-04-01;Pathology5;Generaliste;7;16;43.75
2026-04-01;Pathology5;Chirurgien;5;16;31.25
2026-04-01;Pathology5;Dermatologiste;4;16;25.0
2026-04-01;Pathology50;Chirurgien;7;15;46.67
2026-04-01;Pathology50;Generaliste;3;15;20.0
2026-04-01;Pathology50;Dermatologiste;3;15;20.0
2026-04-01;Pathology50;Dentiste;1;15;6.67
2026-04-01;Pathology50;Cardiologue;1;15;6.67
2026-04-01;Pathology51;Chirurgien;5;12;41.67
2026-04-01;Pathology51;Generaliste;4;12;33.33
2026-04-01;Pathology51;Dermatologiste;3;12;25.0
2026-04-01;Pathology52;Dermatologiste;8;19;42.11
2026-04-01;Pathology52;Generaliste;7;19;36.84
2026-04-01;Pathology52;Chirurgien;3;19;15.79
2026-04-01;Pathology52;Cardiologue;1;19;5.26
2026-04-01;Pathology53;Chirurgien;7;20;35.0
2026-04-01;Pathology53;Generaliste;7;20;35.0
2026-04-01;Pathology53;Dermatologiste;6;20;30.0
2026-04-01;Pathology54;Generaliste;5;14;35.71
2026-04-01;Pathology54;Chirurgien;4;14;28.57
2026-04-01;Pathology54;Dermatologiste;4;14;28.57
2026-04-01;Pathology54;Dentiste;1;14;7.14
2026-04-01;Pathology55;Chirurgien;7;17;41.18
2026-04-01;Pathology55;Dermatologiste;6;17;35.29
2026-04-01;Pathology55;Generaliste;3;17;17.65
2026-04-01;Pathology55;Dentiste;1;17;5.88
2026-04-01;Pathology56;Chirurgien;4;10;40.0
2026-04-01;Pathology56;Generaliste;3;10;30.0
2026-04-01;Pathology56;Dentiste;2;10;20.0
2026-04-01;Pathology56;Dermatologiste;1;10;10.0
2026-04-01;Pathology57;Dermatologiste;7;11;63.64
2026-04-01;Pathology57;Generaliste;3;11;27.27
2026-04-01;Pathology57;Chirurgien;1;11;9.09
2026-04-01;Pathology58;Chirurgien;10;27;37.04
2026-04-01;Pathology58;Generaliste;10;27;37.04
2026-04-01;Pathology58;Dermatologiste;4;27;14.81
2026-04-01;Pathology58;Dentiste;3;27;11.11
2026-04-01;Pathology59;Generaliste;10;19;52.63
2026-04-01;Pathology59;Chirurgien;6;19;31.58
2026-04-01;Pathology59;Dentiste;2;19;10.53
2026-04-01;Pathology59;Dermatologiste;1;19;5.26
2026-04-01;Pathology6;Chirurgien;9;19;47.37
2026-04-01;Pathology6;Generaliste;7;19;36.84
2026-04-01;Pathology6;Dermatologiste;2;19;10.53
2026-04-01;Pathology6;Dentiste;1;19;5.26
2026-04-01;Pathology60;Chirurgien;4;11;36.36
2026-04-01;Pathology60;Generaliste;3;11;27.27
2026-04-01;Pathology60;Dermatologiste;3;11;27.27
2026-04-01;Pathology60;Dentiste;1;11;9.09
2026-04-01;Pathology61;Chirurgien;7;15;46.67
2026-04-01;Pathology61;Generaliste;5;15;33.33
2026-04-01;Pathology61;Dermatologiste;2;15;13.33
2026-04-01;Pathology61;Dentiste;1;15;6.67
2026-04-01;Pathology62;Generaliste;8;14;57.14
2026-04-01;Pathology62;Chirurgien;4;14;28.57
2026-04-01;Pathology62;Dermatologiste;1;14;7.14
2026-04-01;Pathology62;Dentiste;1;14;7.14
2026-04-01;Pathology63;Chirurgien;11;21;52.38
2026-04-01;Pathology63;Generaliste;5;21;23.81
2026-04-01;Pathology63;Dermatologiste;4;21;19.05
2026-04-01;Pathology63;Dentiste;1;21;4.76
2026-04-01;Pathology64;Chirurgien;6;15;40.0
2026-04-01;Pathology64;Dermatologiste;5;15;33.33
2026-04-01;Pathology64;Generaliste;4;15;26.67
2026-04-01;Pathology65;Generaliste;6;15;40.0
2026-04-01;Pathology65;Chirurgien;5;15;33.33
2026-04-01;Pathology65;Dermatologiste;4;15;26.67
2026-04-01;Pathology66;Generaliste;7;14;50.0
2026-04-01;Pathology66;Chirurgien;4;14;28.57
2026-04-01;Pathology66;Dermatologiste;3;14;21.43
2026-04-01;Pathology67;Generaliste;8;14;57.14
2026-04-01;Pathology67;Chirurgien;6;14;42.86
2026-04-01;Pathology68;Chirurgien;6;15;40.0
2026-04-01;Pathology68;Generaliste;5;15;33.33
2026-04-01;Pathology68;Dermatologiste;4;15;26.67
2026-04-01;Pathology69;Generaliste;7;17;41.18
2026-04-01;Pathology69;Chirurgien;5;17;29.41
2026-04-01;Pathology69;Dermatologiste;4;17;23.53
2026-04-01;Pathology69;Dentiste;1;17;5.88
2026-04-01;Pathology7;Generaliste;11;22;50.0
2026-04-01;Pathology7;Chirurgien;7;22;31.82
2026-04-01;Pathology7;Dermatologiste;4;22;18.18
2026-04-01;Pathology70;Chirurgien;10;21;47.62
2026-04-01;Pathology70;Generaliste;7;21;33.33
2026-04-01;Pathology70;Dermatologiste;2;21;9.52
2026-04-01;Pathology70;Dentiste;2;21;9.52
2026-04-01;Pathology71;Generaliste;8;15;53.33
2026-04-01;Pathology71;Chirurgien;5;15;33.33
2026-04-01;Pathology71;Dentiste;1;15;6.67
2026-04-01;Pathology71;Cardiologue;1;15;6.67
2026-04-01;Pathology72;Generaliste;4;11;36.36
2026-04-01;Pathology72;Chirurgien;4;11;36.36
2026-04-01;Pathology72;Dermatologiste;1;11;9.09
2026-04-01;Pathology72;Dentiste;1;11;9.09
2026-04-01;Pathology72;Cardiologue;1;11;9.09
2026-04-01;Pathology73;Generaliste;8;20;40.0
2026-04-01;Pathology73;Chirurgien;7;20;35.0
2026-04-01;Pathology73;Dermatologiste;3;20;15.0
2026-04-01;Pathology73;Dentiste;2;20;10.0
2026-04-01;Pathology74;Generaliste;8;19;42.11
2026-04-01;Pathology74;Chirurgien;7;19;36.84
2026-04-01;Pathology74;Dermatologiste;3;19;15.79
2026-04-01;Pathology74;Dentiste;1;19;5.26
2026-04-01;Pathology75;Generaliste;6;12;50.0
2026-04-01;Pathology75;Chirurgien;4;12;33.33
2026-04-01;Pathology75;Dermatologiste;1;12;8.33
2026-04-01;Pathology75;Dentiste;1;12;8.33
2026-04-01;Pathology76;Generaliste;7;16;43.75
2026-04-01;Pathology76;Chirurgien;5;16;31.25
2026-04-01;Pathology76;Dermatologiste;4;16;25.0
2026-04-01;Pathology77;Chirurgien;8;21;38.1
2026-04-01;Pathology77;Generaliste;6;21;28.57
2026-04-01;Pathology77;Dermatologiste;3;21;14.29
2026-04-01;Pathology77;Dentiste;3;21;14.29
2026-04-01;Pathology77;Cardiologue;1;21;4.76
2026-04-01;Pathology78;Chirurgien;7;14;50.0
2026-04-01;Pathology78;Generaliste;6;14;42.86
2026-04-01;Pathology78;Dentiste;1;14;7.14
2026-04-01;Pathology79;Chirurgien;11;25;44.0
2026-04-01;Pathology79;Generaliste;8;25;32.0
2026-04-01;Pathology79;Dermatologiste;4;25;16.0
2026-04-01;Pathology79;Cardiologue;1;25;4.0
2026-04-01;Pathology79;Dentiste;1;25;4.0
2026-04-01;Pathology8;Dermatologiste;5;11;45.45
2026-04-01;Pathology8;Generaliste;5;11;45.45
2026-04-01;Pathology8;Chirurgien;1;11;9.09
2026-04-01;Pathology80;Generaliste;6;10;60.0
2026-04-01;Pathology80;Chirurgien;4;10;40.0
2026-04-01;Pathology81;Chirurgien;9;16;56.25
2026-04-01;Pathology81;Generaliste;4;16;25.0
2026-04-01;Pathology81;Dermatologiste;3;16;18.75
2026-04-01;Pathology82;Generaliste;6;14;42.86
2026-04-01;Pathology82;Dermatologiste;4;14;28.57
2026-04-01;Pathology82;Chirurgien;3;14;21.43
2026-04-01;Pathology82;Dentiste;1;14;7.14
2026-04-01;Pathology83;Generaliste;11;22;50.0
2026-04-01;Pathology83;Dermatologiste;5;22;22.73
2026-04-01;Pathology83;Chirurgien;5;22;22.73
2026-04-01;Pathology83;Dentiste;1;22;4.55
2026-04-01;Pathology84;Generaliste;8;17;47.06
2026-04-01;Pathology84;Chirurgien;6;17;35.29
2026-04-01;Pathology84;Dermatologiste;2;17;11.76
2026-04-01;Pathology84;Dentiste;1;17;5.88
2026-04-01;Pathology85;Generaliste;8;19;42.11
2026-04-01;Pathology85;Dermatologiste;6;19;31.58
2026-04-01;Pathology85;Chirurgien;4;19;21.05
2026-04-01;Pathology85;Dentiste;1;19;5.26
2026-04-01;Pathology86;Chirurgien;6;16;37.5
2026-04-01;Pathology86;Dermatologiste;5;16;31.25
2026-04-01;Pathology86;Generaliste;4;16;25.0
2026-04-01;Pathology86;Dentiste;1;16;6.25
2026-04-01;Pathology87;Chirurgien;6;13;46.15
2026-04-01;Pathology87;Generaliste;3;13;23.08
2026-04-01;Pathology87;Dermatologiste;3;13;23.08
2026-04-01;Pathology87;Dentiste;1;13;7.69
2026-04-01;Pathology88;Generaliste;9;22;40.91
2026-04-01;Pathology88;Chirurgien;6;22;27.27
2026-04-01;Pathology88;Dermatologiste;5;22;22.73
2026-04-01;Pathology88;Dentiste;2;22;9.09
2026-04-01;Pathology89;Dermatologiste;5;17;29.41
2026-04-01;Pathology89;Chirurgien;5;17;29.41
2026-04-01;Pathology89;Generaliste;5;17;29.41
2026-04-01;Pathology89;Dentiste;2;17;11.76
2026-04-01;Pathology9;Generaliste;6;12;50.0
2026-04-01;Pathology9;Dermatologiste;3;12;25.0
2026-04-01;Pathology9;Chirurgien;3;12;25.0
2026-04-01;Pathology90;Chirurgien;6;11;54.55
2026-04-01;Pathology90;Generaliste;4;11;36.36
2026-04-01;Pathology90;Dermatologiste;1;11;9.09
2026-04-01;Pathology91;Chirurgien;9;24;37.5
2026-04-01;Pathology91;Generaliste;9;24;37.5
2026-04-01;Pathology91;Dermatologiste;5;24;20.83
2026-04-01;Pathology91;Dentiste;1;24;4.17
2026-04-01;Pathology92;Dermatologiste;4;10;40.0
2026-04-01;Pathology92;Generaliste;3;10;30.0
2026-04-01;Pathology92;Chirurgien;3;10;30.0
2026-04-01;Pathology93;Generaliste;9;20;45.0
2026-04-01;Pathology93;Chirurgien;5;20;25.0
2026-04-01;Pathology93;Dermatologiste;5;20;25.0
2026-04-01;Pathology93;Dentiste;1;20;5.0
2026-04-01;Pathology94;Generaliste;6;14;42.86
2026-04-01;Pathology94;Chirurgien;4;14;28.57
2026-04-01;Pathology94;Dermatologiste;3;14;21.43
2026-04-01;Pathology94;Dentiste;1;14;7.14
2026-04-01;Pathology95;Generaliste;11;14;78.57
2026-04-01;Pathology95;Chirurgien;2;14;14.29
2026-04-01;Pathology95;Dermatologiste;1;14;7.14
2026-04-01;Pathology96;Generaliste;8;15;53.33
2026-04-01;Pathology96;Chirurgien;5;15;33.33
2026-04-01;Pathology96;Dermatologiste;2;15;13.33
2026-04-01;Pathology97;Generaliste;8;19;42.11
2026-04-01;Pathology97;Chirurgien;7;19;36.84
2026-04-01;Pathology97;Dentiste;3;19;15.79
2026-04-01;Pathology97;Dermatologiste;1;19;5.26
2026-04-01;Pathology98;Generaliste;7;17;41.18
2026-04-01;Pathology98;Chirurgien;5;17;29.41
2026-04-01;Pathology98;Dermatologiste;4;17;23.53
2026-04-01;Pathology98;Cardiologue;1;17;5.88
2026-04-01;Pathology99;Chirurgien;7;17;41.18
2026-04-01;Pathology99;Generaliste;6;17;35.29
2026-04-01;Pathology99;Dermatologiste;3;17;17.65
2026-04-01;Pathology99;Cardiologue;1;17;5.88
2026-05-01;Pathology1;Generaliste;41;92;44.57
2026-05-01;Pathology1;Chirurgien;29;92;31.52
2026-05-01;Pathology1;Dermatologiste;19;92;20.65
2026-05-01;Pathology1;Dentiste;2;92;2.17
2026-05-01;Pathology1;Cardiologue;1;92;1.09
2026-05-01;Pathology10;Generaliste;39;101;38.61
2026-05-01;Pathology10;Chirurgien;35;101;34.65
2026-05-01;Pathology10;Dermatologiste;22;101;21.78
2026-05-01;Pathology10;Dentiste;5;101;4.95
2026-05-01;Pathology11;Generaliste;35;91;38.46
2026-05-01;Pathology11;Chirurgien;28;91;30.77
2026-05-01;Pathology11;Dermatologiste;23;91;25.27
2026-05-01;Pathology11;Dentiste;3;91;3.3
2026-05-01;Pathology11;Cardiologue;2;91;2.2
2026-05-01;Pathology12;Generaliste;30;79;37.97
2026-05-01;Pathology12;Chirurgien;26;79;32.91
2026-05-01;Pathology12;Dermatologiste;18;79;22.78
2026-05-01;Pathology12;Dentiste;4;79;5.06
2026-05-01;Pathology12;Cardiologue;1;79;1.27
2026-05-01;Pathology13;Generaliste;37;97;38.14
2026-05-01;Pathology13;Chirurgien;35;97;36.08
2026-05-01;Pathology13;Dermatologiste;19;97;19.59
2026-05-01;Pathology13;Dentiste;5;97;5.15
2026-05-01;Pathology13;Cardiologue;1;97;1.03
2026-05-01;Pathology14;Generaliste;35;84;41.67
2026-05-01;Pathology14;Chirurgien;28;84;33.33
2026-05-01;Pathology14;Dermatologiste;17;84;20.24
2026-05-01;Pathology14;Dentiste;4;84;4.76
2026-05-01;Pathology15;Generaliste;44;100;44.0
2026-05-01;Pathology15;Chirurgien;30;100;30.0
2026-05-01;Pathology15;Dermatologiste;19;100;19.0
2026-05-01;Pathology15;Dentiste;6;100;6.0
2026-05-01;Pathology15;Cardiologue;1;100;1.0
2026-05-01;Pathology16;Chirurgien;36;95;37.89
2026-05-01;Pathology16;Generaliste;33;95;34.74
2026-05-01;Pathology16;Dermatologiste;20;95;21.05
2026-05-01;Pathology16;Dentiste;4;95;4.21
2026-05-01;Pathology16;Cardiologue;2;95;2.11
2026-05-01;Pathology17;Chirurgien;32;84;38.1
2026-05-01;Pathology17;Generaliste;27;84;32.14
2026-05-01;Pathology17;Dermatologiste;19;84;22.62
2026-05-01;Pathology17;Dentiste;5;84;5.95
2026-05-01;Pathology17;Cardiologue;1;84;1.19
2026-05-01;Pathology18;Generaliste;41;95;43.16
2026-05-01;Pathology18;Chirurgien;30;95;31.58
2026-05-01;Pathology18;Dermatologiste;22;95;23.16
2026-05-01;Pathology18;Dentiste;2;95;2.11
2026-05-01;Pathology19;Generaliste;36;84;42.86
2026-05-01;Pathology19;Chirurgien;24;84;28.57
2026-05-01;Pathology19;Dermatologiste;22;84;26.19
2026-05-01;Pathology19;Dentiste;2;84;2.38
2026-05-01;Pathology2;Generaliste;36;93;38.71
2026-05-01;Pathology2;Chirurgien;34;93;36.56
2026-05-01;Pathology2;Dermatologiste;16;93;17.2
2026-05-01;Pathology2;Dentiste;5;93;5.38
2026-05-01;Pathology2;Cardiologue;2;93;2.15
2026-05-01;Pathology20;Chirurgien;36;85;42.35
2026-05-01;Pathology20;Generaliste;26;85;30.59
2026-05-01;Pathology20;Dermatologiste;18;85;21.18
2026-05-01;Pathology20;Dentiste;4;85;4.71
2026-05-01;Pathology20;Cardiologue;1;85;1.18
2026-05-01;Pathology21;Generaliste;40;93;43.01
2026-05-01;Pathology21;Chirurgien;33;93;35.48
2026-05-01;Pathology21;Dermatologiste;15;93;16.13
2026-05-01;Pathology21;Dentiste;5;93;5.38
2026-05-01;Pathology22;Generaliste;37;95;38.95
2026-05-01;Pathology22;Chirurgien;36;95;37.89
2026-05-01;Pathology22;Dermatologiste;16;95;16.84
2026-05-01;Pathology22;Dentiste;5;95;5.26
2026-05-01;Pathology22;Cardiologue;1;95;1.05
2026-05-01;Pathology23;Generaliste;41;95;43.16
2026-05-01;Pathology23;Chirurgien;28;95;29.47
2026-05-01;Pathology23;Dermatologiste;21;95;22.11
2026-05-01;Pathology23;Dentiste;4;95;4.21
2026-05-01;Pathology23;Cardiologue;1;95;1.05
2026-05-01;Pathology24;Chirurgien;37;90;41.11
2026-05-01;Pathology24;Generaliste;34;90;37.78
2026-05-01;Pathology24;Dermatologiste;13;90;14.44
2026-05-01;Pathology24;Dentiste;5;90;5.56
2026-05-01;Pathology24;Cardiologue;1;90;1.11
2026-05-01;Pathology25;Chirurgien;32;89;35.96
2026-05-01;Pathology25;Generaliste;30;89;33.71
2026-05-01;Pathology25;Dermatologiste;22;89;24.72
2026-05-01;Pathology25;Dentiste;4;89;4.49
2026-05-01;Pathology25;Cardiologue;1;89;1.12
2026-05-01;Pathology26;Generaliste;40;104;38.46
2026-05-01;Pathology26;Chirurgien;33;104;31.73
2026-05-01;Pathology26;Dermatologiste;24;104;23.08
2026-05-01;Pathology26;Dentiste;5;104;4.81
2026-05-01;Pathology26;Cardiologue;2;104;1.92
2026-05-01;Pathology27;Generaliste;36;89;40.45
2026-05-01;Pathology27;Chirurgien;29;89;32.58
2026-05-01;Pathology27;Dermatologiste;21;89;23.6
2026-05-01;Pathology27;Dentiste;3;89;3.37
2026-05-01;Pathology28;Chirurgien;35;92;38.04
2026-05-01;Pathology28;Generaliste;32;92;34.78
2026-05-01;Pathology28;Dermatologiste;22;92;23.91
2026-05-01;Pathology28;Dentiste;2;92;2.17
2026-05-01;Pathology28;Cardiologue;1;92;1.09
2026-05-01;Pathology29;Generaliste;31;82;37.8
2026-05-01;Pathology29;Chirurgien;27;82;32.93
2026-05-01;Pathology29;Dermatologiste;22;82;26.83
2026-05-01;Pathology29;Dentiste;2;82;2.44
2026-05-01;Pathology3;Generaliste;31;74;41.89
2026-05-01;Pathology3;Chirurgien;27;74;36.49
2026-05-01;Pathology3;Dermatologiste;13;74;17.57
2026-05-01;Pathology3;Dentiste;3;74;4.05
2026-05-01;Pathology30;Chirurgien;38;93;40.86
2026-05-01;Pathology30;Generaliste;31;93;33.33
2026-05-01;Pathology30;Dermatologiste;20;93;21.51
2026-05-01;Pathology30;Dentiste;2;93;2.15
2026-05-01;Pathology30;Cardiologue;2;93;2.15
2026-05-01;Pathology31;Generaliste;29;81;35.8
2026-05-01;Pathology31;Chirurgien;25;81;30.86
2026-05-01;Pathology31;Dermatologiste;22;81;27.16
2026-05-01;Pathology31;Dentiste;4;81;4.94
2026-05-01;Pathology31;Cardiologue;1;81;1.23
2026-05-01;Pathology32;Generaliste;39;88;44.32
2026-05-01;Pathology32;Chirurgien;25;88;28.41
2026-05-01;Pathology32;Dermatologiste;16;88;18.18
2026-05-01;Pathology32;Dentiste;7;88;7.95
2026-05-01;Pathology32;Cardiologue;1;88;1.14
2026-05-01;Pathology33;Generaliste;35;91;38.46
2026-05-01;Pathology33;Chirurgien;31;91;34.07
2026-05-01;Pathology33;Dermatologiste;20;91;21.98
2026-05-01;Pathology33;Dentiste;4;91;4.4
2026-05-01;Pathology33;Cardiologue;1;91;1.1
2026-05-01;Pathology34;Chirurgien;36;87;41.38
2026-05-01;Pathology34;Generaliste;31;87;35.63
2026-05-01;Pathology34;Dermatologiste;15;87;17.24
2026-05-01;Pathology34;Dentiste;4;87;4.6
2026-05-01;Pathology34;Cardiologue;1;87;1.15
2026-05-01;Pathology35;Generaliste;38;95;40.0
2026-05-01;Pathology35;Chirurgien;30;95;31.58
2026-05-01;Pathology35;Dermatologiste;21;95;22.11
2026-05-01;Pathology35;Dentiste;4;95;4.21
2026-05-01;Pathology35;Cardiologue;2;95;2.11
2026-05-01;Pathology36;Generaliste;33;87;37.93
2026-05-01;Pathology36;Chirurgien;29;87;33.33
2026-05-01;Pathology36;Dermatologiste;19;87;21.84
2026-05-01;Pathology36;Dentiste;5;87;5.75
2026-05-01;Pathology36;Cardiologue;1;87;1.15
2026-05-01;Pathology37;Generaliste;46;102;45.1
2026-05-01;Pathology37;Chirurgien;31;102;30.39
2026-05-01;Pathology37;Dermatologiste;20;102;19.61
2026-05-01;Pathology37;Dentiste;4;102;3.92
2026-05-01;Pathology37;Cardiologue;1;102;0.98
2026-05-01;Pathology38;Generaliste;36;90;40.0
2026-05-01;Pathology38;Chirurgien;33;90;36.67
2026-05-01;Pathology38;Dermatologiste;13;90;14.44
2026-05-01;Pathology38;Dentiste;7;90;7.78
2026-05-01;Pathology38;Cardiologue;1;90;1.11
2026-05-01;Pathology39;Generaliste;39;93;41.94
2026-05-01;Pathology39;Chirurgien;32;93;34.41
2026-05-01;Pathology39;Dermatologiste;16;93;17.2
2026-05-01;Pathology39;Dentiste;6;93;6.45
2026-05-01;Pathology4;Generaliste;34;86;39.53
2026-05-01;Pathology4;Chirurgien;28;86;32.56
2026-05-01;Pathology4;Dermatologiste;22;86;25.58
2026-05-01;Pathology4;Dentiste;2;86;2.33
2026-05-01;Pathology40;Generaliste;34;88;38.64
2026-05-01;Pathology40;Chirurgien;30;88;34.09
2026-05-01;Pathology40;Dermatologiste;19;88;21.59
2026-05-01;Pathology40;Dentiste;3;88;3.41
2026-05-01;Pathology40;Cardiologue;2;88;2.27
2026-05-01;Pathology41;Generaliste;47;102;46.08
2026-05-01;Pathology41;Chirurgien;32;102;31.37
2026-05-01;Pathology41;Dermatologiste;19;102;18.63
2026-05-01;Pathology41;Dentiste;3;102;2.94
2026-05-01;Pathology41;Cardiologue;1;102;0.98
2026-05-01;Pathology42;Chirurgien;33;90;36.67
2026-05-01;Pathology42;Generaliste;32;90;35.56
2026-05-01;Pathology42;Dermatologiste;22;90;24.44
2026-05-01;Pathology42;Dentiste;3;90;3.33
2026-05-01;Pathology43;Generaliste;37;90;41.11
2026-05-01;Pathology43;Chirurgien;27;90;30.0
2026-05-01;Pathology43;Dermatologiste;19;90;21.11
2026-05-01;Pathology43;Dentiste;5;90;5.56
2026-05-01;Pathology43;Cardiologue;2;90;2.22
2026-05-01;Pathology44;Generaliste;32;85;37.65
2026-05-01;Pathology44;Chirurgien;29;85;34.12
2026-05-01;Pathology44;Dermatologiste;17;85;20.0
2026-05-01;Pathology44;Dentiste;6;85;7.06
2026-05-01;Pathology44;Cardiologue;1;85;1.18
2026-05-01;Pathology45;Generaliste;33;90;36.67
2026-05-01;Pathology45;Chirurgien;27;90;30.0
2026-05-01;Pathology45;Dermatologiste;24;90;26.67
2026-05-01;Pathology45;Dentiste;6;90;6.67
2026-05-01;Pathology46;Chirurgien;32;87;36.78
2026-05-01;Pathology46;Generaliste;31;87;35.63
2026-05-01;Pathology46;Dermatologiste;17;87;19.54
2026-05-01;Pathology46;Dentiste;7;87;8.05
2026-05-01;Pathology47;Chirurgien;30;86;34.88
2026-05-01;Pathology47;Generaliste;30;86;34.88
2026-05-01;Pathology47;Dermatologiste;21;86;24.42
2026-05-01;Pathology47;Dentiste;4;86;4.65
2026-05-01;Pathology47;Cardiologue;1;86;1.16
2026-05-01;Pathology48;Chirurgien;36;93;38.71
2026-05-01;Pathology48;Generaliste;32;93;34.41
2026-05-01;Pathology48;Dermatologiste;20;93;21.51
2026-05-01;Pathology48;Dentiste;4;93;4.3
2026-05-01;Pathology48;Cardiologue;1;93;1.08
2026-05-01;Pathology49;Generaliste;33;86;38.37
2026-05-01;Pathology49;Chirurgien;29;86;33.72
2026-05-01;Pathology49;Dermatologiste;18;86;20.93
2026-05-01;Pathology49;Dentiste;4;86;4.65
2026-05-01;Pathology49;Cardiologue;2;86;2.33
2026-05-01;Pathology5;Generaliste;38;97;39.18
2026-05-01;Pathology5;Chirurgien;32;97;32.99
2026-05-01;Pathology5;Dermatologiste;23;97;23.71
2026-05-01;Pathology5;Dentiste;3;97;3.09
2026-05-01;Pathology5;Cardiologue;1;97;1.03
2026-05-01;Pathology50;Generaliste;43;93;46.24
2026-05-01;Pathology50;Chirurgien;29;93;31.18
2026-05-01;Pathology50;Dermatologiste;16;93;17.2
2026-05-01;Pathology50;Dentiste;4;93;4.3
2026-05-01;Pathology50;Cardiologue;1;93;1.08
2026-05-01;Pathology51;Generaliste;37;92;40.22
2026-05-01;Pathology51;Chirurgien;28;92;30.43
2026-05-01;Pathology51;Dermatologiste;22;92;23.91
2026-05-01;Pathology51;Dentiste;3;92;3.26
2026-05-01;Pathology51;Cardiologue;2;92;2.17
2026-05-01;Pathology52;Generaliste;39;92;42.39
2026-05-01;Pathology52;Chirurgien;29;92;31.52
2026-05-01;Pathology52;Dermatologiste;19;92;20.65
2026-05-01;Pathology52;Dentiste;3;92;3.26
2026-05-01;Pathology52;Cardiologue;2;92;2.17
2026-05-01;Pathology53;Chirurgien;37;93;39.78
2026-05-01;Pathology53;Generaliste;32;93;34.41
2026-05-01;Pathology53;Dermatologiste;18;93;19.35
2026-05-01;Pathology53;Dentiste;6;93;6.45
2026-05-01;Pathology54;Generaliste;41;90;45.56
2026-05-01;Pathology54;Chirurgien;25;90;27.78
2026-05-01;Pathology54;Dermatologiste;17;90;18.89
2026-05-01;Pathology54;Dentiste;5;90;5.56
2026-05-01;Pathology54;Cardiologue;2;90;2.22
2026-05-01;Pathology55;Generaliste;37;89;41.57
2026-05-01;Pathology55;Chirurgien;33;89;37.08
2026-05-01;Pathology55;Dermatologiste;15;89;16.85
2026-05-01;Pathology55;Dentiste;3;89;3.37
2026-05-01;Pathology55;Cardiologue;1;89;1.12
2026-05-01;Pathology56;Generaliste;37;94;39.36
2026-05-01;Pathology56;Chirurgien;34;94;36.17
2026-05-01;Pathology56;Dermatologiste;18;94;19.15
2026-05-01;Pathology56;Dentiste;3;94;3.19
2026-05-01;Pathology56;Cardiologue;2;94;2.13
2026-05-01;Pathology57;Generaliste;36;97;37.11
2026-05-01;Pathology57;Chirurgien;34;97;35.05
2026-05-01;Pathology57;Dermatologiste;24;97;24.74
2026-05-01;Pathology57;Dentiste;3;97;3.09
2026-05-01;Pathology58;Generaliste;33;92;35.87
2026-05-01;Pathology58;Chirurgien;32;92;34.78
2026-05-01;Pathology58;Dermatologiste;22;92;23.91
2026-05-01;Pathology58;Dentiste;5;92;5.43
2026-05-01;Pathology59;Generaliste;40;97;41.24
2026-05-01;Pathology59;Chirurgien;30;97;30.93
2026-05-01;Pathology59;Dermatologiste;20;97;20.62
2026-05-01;Pathology59;Dentiste;6;97;6.19
2026-05-01;Pathology59;Cardiologue;1;97;1.03
2026-05-01;Pathology6;Generaliste;37;86;43.02
2026-05-01;Pathology6;Chirurgien;25;86;29.07
2026-05-01;Pathology6;Dermatologiste;18;86;20.93
2026-05-01;Pathology6;Dentiste;5;86;5.81
2026-05-01;Pathology6;Cardiologue;1;86;1.16
2026-05-01;Pathology60;Generaliste;36;96;37.5
2026-05-01;Pathology60;Chirurgien;36;96;37.5
2026-05-01;Pathology60;Dermatologiste;22;96;22.92
2026-05-01;Pathology60;Dentiste;2;96;2.08
2026-05-01;Pathology61;Chirurgien;41;96;42.71
2026-05-01;Pathology61;Generaliste;40;96;41.67
2026-05-01;Pathology61;Dermatologiste;12;96;12.5
2026-05-01;Pathology61;Dentiste;3;96;3.13
2026-05-01;Pathology62;Generaliste;38;93;40.86
2026-05-01;Pathology62;Chirurgien;28;93;30.11
2026-05-01;Pathology62;Dermatologiste;21;93;22.58
2026-05-01;Pathology62;Dentiste;4;93;4.3
2026-05-01;Pathology62;Cardiologue;2;93;2.15
2026-05-01;Pathology63;Generaliste;40;99;40.4
2026-05-01;Pathology63;Chirurgien;31;99;31.31
2026-05-01;Pathology63;Dermatologiste;21;99;21.21
2026-05-01;Pathology63;Dentiste;5;99;5.05
2026-05-01;Pathology63;Cardiologue;2;99;2.02
2026-05-01;Pathology64;Chirurgien;33;93;35.48
2026-05-01;Pathology64;Generaliste;32;93;34.41
2026-05-01;Pathology64;Dermatologiste;24;93;25.81
2026-05-01;Pathology64;Cardiologue;2;93;2.15
2026-05-01;Pathology64;Dentiste;2;93;2.15
2026-05-01;Pathology65;Generaliste;40;100;40.0
2026-05-01;Pathology65;Chirurgien;34;100;34.0
2026-05-01;Pathology65;Dermatologiste;23;100;23.0
2026-05-01;Pathology65;Dentiste;2;100;2.0
2026-05-01;Pathology65;Cardiologue;1;100;1.0
2026-05-01;Pathology66;Generaliste;35;88;39.77
2026-05-01;Pathology66;Chirurgien;31;88;35.23
2026-05-01;Pathology66;Dermatologiste;15;88;17.05
2026-05-01;Pathology66;Dentiste;6;88;6.82
2026-05-01;Pathology66;Cardiologue;1;88;1.14
2026-05-01;Pathology67;Generaliste;39;92;42.39
2026-05-01;Pathology67;Chirurgien;31;92;33.7
2026-05-01;Pathology67;Dermatologiste;17;92;18.48
2026-05-01;Pathology67;Dentiste;3;92;3.26
2026-05-01;Pathology67;Cardiologue;2;92;2.17
2026-05-01;Pathology68;Generaliste;39;89;43.82
2026-05-01;Pathology68;Dermatologiste;25;89;28.09
2026-05-01;Pathology68;Chirurgien;22;89;24.72
2026-05-01;Pathology68;Dentiste;3;89;3.37
2026-05-01;Pathology69;Chirurgien;32;90;35.56
2026-05-01;Pathology69;Generaliste;32;90;35.56
2026-05-01;Pathology69;Dermatologiste;21;90;23.33
2026-05-01;Pathology69;Dentiste;5;90;5.56
2026-05-01;Pathology7;Generaliste;39;94;41.49
2026-05-01;Pathology7;Chirurgien;33;94;35.11
2026-05-01;Pathology7;Dermatologiste;16;94;17.02
2026-05-01;Pathology7;Dentiste;5;94;5.32
2026-05-01;Pathology7;Cardiologue;1;94;1.06
2026-05-01;Pathology70;Generaliste;42;96;43.75
2026-05-01;Pathology70;Chirurgien;28;96;29.17
2026-05-01;Pathology70;Dermatologiste;18;96;18.75
2026-05-01;Pathology70;Dentiste;6;96;6.25
2026-05-01;Pathology70;Cardiologue;2;96;2.08
2026-05-01;Pathology71;Chirurgien;34;89;38.2
2026-05-01;Pathology71;Generaliste;32;89;35.96
2026-05-01;Pathology71;Dermatologiste;21;89;23.6
2026-05-01;Pathology71;Dentiste;1;89;1.12
2026-05-01;Pathology71;Cardiologue;1;89;1.12
2026-05-01;Pathology72;Chirurgien;33;87;37.93
2026-05-01;Pathology72;Generaliste;31;87;35.63
2026-05-01;Pathology72;Dermatologiste;18;87;20.69
2026-05-01;Pathology72;Dentiste;5;87;5.75
2026-05-01;Pathology73;Chirurgien;36;96;37.5
2026-05-01;Pathology73;Generaliste;35;96;36.46
2026-05-01;Pathology73;Dermatologiste;18;96;18.75
2026-05-01;Pathology73;Dentiste;6;96;6.25
2026-05-01;Pathology73;Cardiologue;1;96;1.04
2026-05-01;Pathology74;Generaliste;35;93;37.63
2026-05-01;Pathology74;Chirurgien;27;93;29.03
2026-05-01;Pathology74;Dermatologiste;24;93;25.81
2026-05-01;Pathology74;Dentiste;5;93;5.38
2026-05-01;Pathology74;Cardiologue;2;93;2.15
2026-05-01;Pathology75;Generaliste;35;86;40.7
2026-05-01;Pathology75;Chirurgien;31;86;36.05
2026-05-01;Pathology75;Dermatologiste;15;86;17.44
2026-05-01;Pathology75;Dentiste;4;86;4.65
2026-05-01;Pathology75;Cardiologue;1;86;1.16
2026-05-01;Pathology76;Generaliste;37;82;45.12
2026-05-01;Pathology76;Chirurgien;23;82;28.05
2026-05-01;Pathology76;Dermatologiste;16;82;19.51
2026-05-01;Pathology76;Dentiste;5;82;6.1
2026-05-01;Pathology76;Cardiologue;1;82;1.22
2026-05-01;Pathology77;Generaliste;38;91;41.76
2026-05-01;Pathology77;Chirurgien;32;91;35.16
2026-05-01;Pathology77;Dermatologiste;16;91;17.58
2026-05-01;Pathology77;Dentiste;3;91;3.3
2026-05-01;Pathology77;Cardiologue;2;91;2.2
2026-05-01;Pathology78;Generaliste;36;90;40.0
2026-05-01;Pathology78;Chirurgien;25;90;27.78
2026-05-01;Pathology78;Dermatologiste;23;90;25.56
2026-05-01;Pathology78;Dentiste;5;90;5.56
2026-05-01;Pathology78;Cardiologue;1;90;1.11
2026-05-01;Pathology79;Generaliste;33;84;39.29
2026-05-01;Pathology79;Chirurgien;28;84;33.33
2026-05-01;Pathology79;Dermatologiste;17;84;20.24
2026-05-01;Pathology79;Dentiste;5;84;5.95
2026-05-01;Pathology79;Cardiologue;1;84;1.19
2026-05-01;Pathology8;Generaliste;39;95;41.05
2026-05-01;Pathology8;Chirurgien;30;95;31.58
2026-05-01;Pathology8;Dermatologiste;21;95;22.11
2026-05-01;Pathology8;Dentiste;4;95;4.21
2026-05-01;Pathology8;Cardiologue;1;95;1.05
2026-05-01;Pathology80;Generaliste;42;98;42.86
2026-05-01;Pathology80;Chirurgien;32;98;32.65
2026-05-01;Pathology80;Dermatologiste;17;98;17.35
2026-05-01;Pathology80;Dentiste;6;98;6.12
2026-05-01;Pathology80;Cardiologue;1;98;1.02
2026-05-01;Pathology81;Chirurgien;42;98;42.86
2026-05-01;Pathology81;Generaliste;32;98;32.65
2026-05-01;Pathology81;Dermatologiste;18;98;18.37
2026-05-01;Pathology81;Dentiste;6;98;6.12
2026-05-01;Pathology82;Generaliste;37;88;42.05
2026-05-01;Pathology82;Chirurgien;27;88;30.68
2026-05-01;Pathology82;Dermatologiste;19;88;21.59
2026-05-01;Pathology82;Dentiste;4;88;4.55
2026-05-01;Pathology82;Cardiologue;1;88;1.14
2026-05-01;Pathology83;Generaliste;38;97;39.18
2026-05-01;Pathology83;Chirurgien;37;97;38.14
2026-05-01;Pathology83;Dermatologiste;16;97;16.49
2026-05-01;Pathology83;Dentiste;5;97;5.15
2026-05-01;Pathology83;Cardiologue;1;97;1.03
2026-05-01;Pathology84;Generaliste;40;95;42.11
2026-05-01;Pathology84;Chirurgien;28;95;29.47
2026-05-01;Pathology84;Dermatologiste;24;95;25.26
2026-05-01;Pathology84;Dentiste;2;95;2.11
2026-05-01;Pathology84;Cardiologue;1;95;1.05
2026-05-01;Pathology85;Chirurgien;40;99;40.4
2026-05-01;Pathology85;Generaliste;38;99;38.38
2026-05-01;Pathology85;Dermatologiste;15;99;15.15
2026-05-01;Pathology85;Dentiste;5;99;5.05
2026-05-01;Pathology85;Cardiologue;1;99;1.01
2026-05-01;Pathology86;Generaliste;30;82;36.59
2026-05-01;Pathology86;Chirurgien;27;82;32.93
2026-05-01;Pathology86;Dermatologiste;21;82;25.61
2026-05-01;Pathology86;Dentiste;4;82;4.88
2026-05-01;Pathology87;Generaliste;38;92;41.3
2026-05-01;Pathology87;Chirurgien;29;92;31.52
2026-05-01;Pathology87;Dermatologiste;21;92;22.83
2026-05-01;Pathology87;Dentiste;4;92;4.35
2026-05-01;Pathology88;Chirurgien;30;79;37.97
2026-05-01;Pathology88;Generaliste;29;79;36.71
2026-05-01;Pathology88;Dermatologiste;16;79;20.25
2026-05-01;Pathology88;Dentiste;3;79;3.8
2026-05-01;Pathology88;Cardiologue;1;79;1.27
2026-05-01;Pathology89;Generaliste;37;87;42.53
2026-05-01;Pathology89;Chirurgien;24;87;27.59
2026-05-01;Pathology89;Dermatologiste;22;87;25.29
2026-05-01;Pathology89;Dentiste;4;87;4.6
2026-05-01;Pathology9;Chirurgien;37;92;40.22
2026-05-01;Pathology9;Generaliste;35;92;38.04
2026-05-01;Pathology9;Dermatologiste;16;92;17.39
2026-05-01;Pathology9;Dentiste;4;92;4.35
2026-05-01;Pathology90;Chirurgien;28;80;35.0
2026-05-01;Pathology90;Generaliste;25;80;31.25
2026-05-01;Pathology90;Dermatologiste;20;80;25.0
2026-05-01;Pathology90;Dentiste;6;80;7.5
2026-05-01;Pathology90;Cardiologue;1;80;1.25
2026-05-01;Pathology91;Chirurgien;36;89;40.45
2026-05-01;Pathology91;Generaliste;36;89;40.45
2026-05-01;Pathology91;Dermatologiste;12;89;13.48
2026-05-01;Pathology91;Dentiste;5;89;5.62
2026-05-01;Pathology92;Generaliste;39;96;40.63
2026-05-01;Pathology92;Chirurgien;34;96;35.42
2026-05-01;Pathology92;Dermatologiste;20;96;20.83
2026-05-01;Pathology92;Dentiste;3;96;3.13
2026-05-01;Pathology93;Generaliste;36;90;40.0
2026-05-01;Pathology93;Chirurgien;26;90;28.89
2026-05-01;Pathology93;Dermatologiste;24;90;26.67
2026-05-01;Pathology93;Dentiste;3;90;3.33
2026-05-01;Pathology93;Cardiologue;1;90;1.11
2026-05-01;Pathology94;Generaliste;34;84;40.48
2026-05-01;Pathology94;Chirurgien;29;84;34.52
2026-05-01;Pathology94;Dermatologiste;17;84;20.24
2026-05-01;Pathology94;Dentiste;4;84;4.76
2026-05-01;Pathology95;Generaliste;30;82;36.59
2026-05-01;Pathology95;Chirurgien;26;82;31.71
2026-05-01;Pathology95;Dermatologiste;20;82;24.39
2026-05-01;Pathology95;Dentiste;4;82;4.88
2026-05-01;Pathology95;Cardiologue;2;82;2.44
2026-05-01;Pathology96;Generaliste;39;86;45.35
2026-05-01;Pathology96;Chirurgien;22;86;25.58
2026-05-01;Pathology96;Dermatologiste;19;86;22.09
2026-05-01;Pathology96;Dentiste;5;86;5.81
2026-05-01;Pathology96;Cardiologue;1;86;1.16
2026-05-01;Pathology97;Chirurgien;33;87;37.93
2026-05-01;Pathology97;Generaliste;31;87;35.63
2026-05-01;Pathology97;Dermatologiste;15;87;17.24
2026-05-01;Pathology97;Dentiste;7;87;8.05
2026-05-01;Pathology97;Cardiologue;1;87;1.15
2026-05-01;Pathology98;Generaliste;40;93;43.01
2026-05-01;Pathology98;Chirurgien;30;93;32.26
2026-05-01;Pathology98;Dermatologiste;18;93;19.35
2026-05-01;Pathology98;Dentiste;4;93;4.3
2026-05-01;Pathology98;Cardiologue;1;93;1.08
2026-05-01;Pathology99;Generaliste;37;98;37.76
2026-05-01;Pathology99;Chirurgien;35;98;35.71
2026-05-01;Pathology99;Dermatologiste;21;98;21.43
2026-05-01;Pathology99;Dentiste;5;98;5.1
