JOUR;PATHOLOGIE;NB_PATIENTS;AGE_MOYEN
2026-04-29;Pathology1;7;54.857143
2026-04-29;Pathology10;2;31.0
2026-04-29;Pathology11;6;55.666667
2026-04-29;Pathology12;8;47.375
2026-04-29;Pathology13;5;69.8
2026-04-29;Pathology14;8;63.125
2026-04-29;Pathology15;7;40.714286
2026-04-29;Pathology16;5;74.6
2026-04-29;Pathology17;1;29.0
2026-04-29;Pathology18;7;47.857143
2026-04-29;Pathology19;10;50.0
2026-04-29;Pathology2;8;65.125
2026-04-29;Pathology20;4;48.25
2026-04-29;Pathology21;4;52.0
2026-04-29;Pathology22;4;47.0
2026-04-29;Pathology23;5;45.0
2026-04-29;Pathology24;7;62.428571
2026-04-29;Pathology25;6;65.0
2026-04-29;Pathology26;5;72.2
2026-04-29;Pathology27;5;49.8
2026-04-29;Pathology28;7;63.142857
2026-04-29;Pathology29;9;45.0
2026-04-29;Pathology3;6;79.666667
2026-04-29;Pathology30;3;50.333333
2026-04-29;Pathology31;6;66.166667
2026-04-29;Pathology32;9;45.666667
2026-04-29;Pathology33;8;60.125
2026-04-29;Pathology34;9;36.111111
2026-04-29;Pathology35;7;38.0
2026-04-29;Pathology36;5;53.4
2026-04-29;Pathology37;6;47.166667
2026-04-29;Pathology38;6;56.166667
2026-04-29;Pathology39;6;50.166667
2026-04-29;Pathology4;9;45.222222
2026-04-29;Pathology40;6;40.0
2026-04-29;Pathology41;7;53.285714
2026-04-29;Pathology42;6;44.0
2026-04-29;Pathology43;4;69.25
2026-04-29;Pathology44;8;57.25
2026-04-29;Pathology45;8;51.125
2026-04-29;Pathology46;6;58.666667
2026-04-29;Pathology47;5;40.4
2026-04-29;Pathology48;11;37.454545
2026-04-29;Pathology49;4;47.0
2026-04-29;Pathology5;9;53.888889
2026-04-29;Pathology50;3;76.0
2026-04-29;Pathology51;4;49.0
2026-04-29;Pathology52;6;46.833333
2026-04-29;Pathology53;7;56.428571
2026-04-29;Pathology54;3;45.666667
2026-04-29;Pathology55;9;54.555556
2026-04-29;Pathology56;3;39.0
2026-04-29;Pathology57;6;49.666667
2026-04-29;Pathology58;11;56.454545
2026-04-29;Pathology59;12;48.166667
2026-04-29;Pathology6;10;64.8
2026-04-29;Pathology60;6;52.166667
2026-04-29;Pathology61;6;41.333333
2026-04-29;Pathology62;2;81.5
2026-04-29;Pathology63;6;49.5
2026-04-29;Pathology64;6;47.666667
2026-04-29;Pathology65;2;66.5
2026-04-29;Pathology66;6;55.5
2026-04-29;Pathology67;5;34.6
2026-04-29;Pathology68;5;58.0
2026-04-29;Pathology69;7;56.285714
2026-04-29;Pathology7;10;57.3
2026-04-29;Pathology70;10;33.2
2026-04-29;Pathology71;11;52.636364
2026-04-29;Pathology72;8;43.25
2026-04-29;Pathology73;6;47.333333
2026-04-29;Pathology74;3;60.333333
2026-04-29;Pathology75;6;59.5
2026-04-29;Pathology76;8;45.125
2026-04-29;Pathology77;11;50.181818
2026-04-29;Pathology78;3;20.666667
2026-04-29;Pathology79;8;62.5
2026-04-29;Pathology8;9;62.666667
2026-04-29;Pathology80;4;68.5
2026-04-29;Pathology81;6;61.666667
2026-04-29;Pathology82;5;54.4
2026-04-29;Pathology83;8;57.125
2026-04-29;Pathology84;7;54.571429
2026-04-29;Pathology85;12;58.5
2026-04-29;Pathology86;7;44.571429
2026-04-29;Pathology87;2;45.0
2026-04-29;Pathology88;6;70.666667
2026-04-29;Pathology89;4;40.5
2026-04-29;Pathology9;5;48.4
2026-04-29;Pathology90;3;40.0
2026-04-29;Pathology91;9;46.666667
2026-04-29;Pathology92;5;37.0
2026-04-29;Pathology93;10;54.3
2026-04-29;Pathology94;4;61.5
2026-04-29;Pathology95;5;45.4
2026-04-29;Pathology96;4;45.75
2026-04-29;Pathology97;7;63.0
2026-04-29;Pathology98;7;66.285714
2026-04-29;Pathology99;7;67.285714
2026-04-30;Pathology1;9;42.222222
2026-04-30;Pathology10;14;53.857143
2026-04-30;Pathology11;13;54.769231
2026-04-30;Pathology12;19;51.421053
2026-04-30;Pathology13;8;49.5
2026-04-30;Pathology14;10;67.5
2026-04-30;Pathology15;7;63.428571
2026-04-30;Pathology16;8;40.875
2026-04-30;Pathology17;12;49.416667
2026-04-30;Pathology18;10;48.8
2026-04-30;Pathology19;9;61.111111
2026-04-30;Pathology2;9;44.0
2026-04-30;Pathology20;10;41.7
2026-04-30;Pathology21;16;51.375
2026-04-30;Pathology22;11;54.272727
2026-04-30;Pathology23;12;50.166667
2026-04-30;Pathology24;11;49.0
2026-04-30;Pathology25;10;51.7
2026-04-30;Pathology26;8;60.125
2026-04-30;Pathology27;9;58.0
2026-04-30;Pathology28;11;50.636364
2026-04-30;Pathology29;11;56.909091
2026-04-30;Pathology3;9;47.0
2026-04-30;Pathology30;10;52.5
2026-04-30;Pathology31;14;54.5
2026-04-30;Pathology32;6;35.666667
2026-04-30;Pathology33;8;63.375
2026-04-30;Pathology34;3;57.666667
2026-04-30;Pathology35;13;74.0
2026-04-30;Pathology36;6;58.166667
2026-04-30;Pathology37;9;61.555556
2026-04-30;Pathology38;14;53.214286
2026-04-30;Pathology39;11;53.363636
2026-04-30;Pathology4;9;52.111111
2026-04-30;Pathology40;6;52.666667
2026-04-30;Pathology41;6;42.333333
2026-04-30;Pathology42;12;49.666667
2026-04-30;Pathology43;12;44.416667
2026-04-30;Pathology44;12;53.666667
2026-04-30;Pathology45;8;51.875
2026-04-30;Pathology46;9;51.111111
2026-04-30;Pathology47;15;53.333333
2026-04-30;Pathology48;13;61.615385
2026-04-30;Pathology49;12;51.166667
2026-04-30;Pathology5;8;49.375
2026-04-30;Pathology50;14;51.642857
2026-04-30;Pathology51;8;41.5
2026-04-30;Pathology52;14;52.785714
2026-04-30;Pathology53;13;52.0
2026-04-30;Pathology54;13;61.0
2026-04-30;Pathology55;10;51.3
2026-04-30;Pathology56;8;52.875
2026-04-30;Pathology57;5;44.8
2026-04-30;Pathology58;19;58.894737
2026-04-30;Pathology59;8;59.25
2026-04-30;Pathology6;9;39.111111
2026-04-30;Pathology60;5;59.6
2026-04-30;Pathology61;10;62.5
2026-04-30;Pathology62;12;58.083333
2026-04-30;Pathology63;15;56.933333
2026-04-30;Pathology64;9;45.333333
2026-04-30;Pathology65;14;62.928571
2026-04-30;Pathology66;9;52.0
2026-04-30;Pathology67;9;47.666667
2026-04-30;Pathology68;11;41.0
2026-04-30;Pathology69;13;64.307692
2026-04-30;Pathology7;13;49.076923
2026-04-30;Pathology70;12;58.0
2026-04-30;Pathology71;6;44.166667
2026-04-30;Pathology72;3;62.333333
2026-04-30;Pathology73;16;51.8125
2026-04-30;Pathology74;17;41.176471
2026-04-30;Pathology75;6;70.166667
2026-04-30;Pathology76;8;53.875
2026-04-30;Pathology77;12;54.083333
2026-04-30;Pathology78;12;58.333333
2026-04-30;Pathology79;19;60.210526
2026-04-30;Pathology8;4;47.75
2026-04-30;Pathology80;6;50.166667
2026-04-30;Pathology81;12;57.666667
2026-04-30;Pathology82;9;49.555556
2026-04-30;Pathology83;16;49.125
2026-04-30;Pathology84;10;57.1
2026-04-30;Pathology85;8;57.5
2026-04-30;Pathology86;9;56.444444
2026-04-30;Pathology87;12;42.75
2026-04-30;Pathology88;17;52.764706
2026-04-30;Pathology89;14;46.285714
2026-04-30;Pathology9;7;48.571429
2026-04-30;Pathology90;8;59.875
2026-04-30;Pathology91;16;50.125
2026-04-30;Pathology92;5;50.8
2026-04-30;Pathology93;12;50.833333
2026-04-30;Pathology94;10;59.4
2026-04-30;Pathology95;9;48.888889
2026-04-30;Pathology96;11;44.272727
2026-04-30;Pathology97;12;42.25
2026-04-30;Pathology98;11;53.272727
2026-04-30;Pathology99;11;60.909091
2026-05-01;Pathology1;9;68.222222
2026-05-01;Pathology10;7;48.285714
2026-05-01;Pathology11;7;39.714286
2026-05-01;Pathology12;6;50.333333
2026-05-01;Pathology13;6;61.666667
2026-05-01;Pathology14;3;37.0
2026-05-01;Pathology15;8;64.125
2026-05-01;Pathology16;7;47.857143
2026-05-01;Pathology17;9;51.111111
2026-05-01;Pathology18;4;53.25
2026-05-01;Pathology19;4;70.0
2026-05-01;Pathology2;4;36.75
2026-05-01;Pathology20;3;50.666667
2026-05-01;Pathology21;4;40.5
2026-05-01;Pathology22;7;53.428571
2026-05-01;Pathology23;3;66.333333
2026-05-01;Pathology24;11;26.636364
2026-05-01;Pathology25;4;59.5
2026-05-01;Pathology26;6;55.666667
2026-05-01;Pathology27;4;58.75
2026-05-01;Pathology28;10;55.6
2026-05-01;Pathology29;6;52.833333
2026-05-01;Pathology3;3;67.666667
2026-05-01;Pathology30;5;68.6
2026-05-01;Pathology31;6;63.5
2026-05-01;Pathology32;9;54.222222
2026-05-01;Pathology33;9;44.333333
2026-05-01;Pathology34;2;29.5
2026-05-01;Pathology35;7;48.142857
2026-05-01;Pathology36;7;59.142857
2026-05-01;Pathology37;6;35.166667
2026-05-01;Pathology38;7;62.857143
2026-05-01;Pathology39;6;57.0
2026-05-01;Pathology4;6;53.166667
2026-05-01;Pathology40;5;45.8
2026-05-01;Pathology41;8;44.875
2026-05-01;Pathology42;6;55.666667
2026-05-01;Pathology43;6;54.833333
2026-05-01;Pathology44;1;30.0
2026-05-01;Pathology45;8;49.25
2026-05-01;Pathology46;8;57.75
2026-05-01;Pathology47;8;56.0
2026-05-01;Pathology48;8;60.75
2026-05-01;Pathology49;12;46.916667
2026-05-01;Pathology5;4;58.25
2026-05-01;Pathology50;7;47.714286
2026-05-01;Pathology51;6;64.0
2026-05-01;Pathology52;4;71.25
2026-05-01;Pathology53;7;48.285714
2026-05-01;Pathology54;8;48.0
2026-05-01;Pathology55;5;42.0
2026-05-01;Pathology56;6;31.666667
2026-05-01;Pathology57;5;46.4
2026-05-01;Pathology58;7;45.571429
2026-05-01;Pathology59;5;33.6
2026-05-01;Pathology6;6;51.166667
2026-05-01;Pathology60;4;54.25
2026-05-01;Pathology61;7;64.0
2026-05-01;Pathology62;10;49.5
2026-05-01;Pathology63;5;55.6
2026-05-01;Pathology64;5;38.2
2026-05-01;Pathology65;7;57.142857
2026-05-01;Pathology66;4;34.5
2026-05-01;Pathology67;7;54.428571
2026-05-01;Pathology68;4;38.75
2026-05-01;Pathology69;7;55.285714
2026-05-01;Pathology7;9;63.333333
2026-05-01;Pathology70;6;57.0
2026-05-01;Pathology71;4;57.0
2026-05-01;Pathology72;10;57.5
2026-05-01;Pathology73;10;42.2
2026-05-01;Pathology74;6;53.333333
2026-05-01;Pathology75;5;59.2
2026-05-01;Pathology76;1;71.0
2026-05-01;Pathology77;3;66.666667
2026-05-01;Pathology78;4;67.5
2026-05-01;Pathology79;6;46.666667
2026-05-01;Pathology8;7;47.142857
2026-05-01;Pathology80;6;57.333333
2026-05-01;Pathology81;8;53.375
2026-05-01;Pathology82;3;65.666667
2026-05-01;Pathology83;11;47.545455
2026-05-01;Pathology84;9;49.777778
2026-05-01;Pathology85;7;45.571429
2026-05-01;Pathology86;3;53.333333
2026-05-01;Pathology87;3;61.333333
2026-05-01;Pathology88;7;51.571429
2026-05-01;Pathology89;5;49.4
2026-05-01;Pathology9;3;64.0
2026-05-01;Pathology90;7;59.142857
2026-05-01;Pathology91;4;51.0
2026-05-01;Pathology92;9;41.777778
2026-05-01;Pathology93;7;47.714286
2026-05-01;Pathology94;8;51.125
2026-05-01;Pathology95;4;31.75
2026-05-01;Pathology96;7;49.428571
2026-05-01;Pathology97;2;33.5
2026-05-01;Pathology98;5;52.0
2026-05-01;Pathology99;6;52.333333
2026-05-02;Pathology1;3;57.333333
2026-05-02;Pathology10;8;52.5
2026-05-02;Pathology11;5;43.6
2026-05-02;Pathology12;2;27.5
2026-05-02;Pathology13;12;58.0
2026-05-02;Pathology14;9;57.0
2026-05-02;Pathology15;4;58.5
2026-05-02;Pathology16;5;62.6
2026-05-02;Pathology17;1;89.0
2026-05-02;Pathology18;6;51.0
2026-05-02;Pathology19;5;42.6
2026-05-02;Pathology2;4;68.25
2026-05-02;Pathology20;4;44.75
2026-05-02;Pathology21;4;55.5
2026-05-02;Pathology22;7;53.857143
2026-05-02;Pathology23;8;33.75
2026-05-02;Pathology24;4;35.5
2026-05-02;Pathology25;7;45.571429
2026-05-02;Pathology26;4;39.5
2026-05-02;Pathology27;5;32.6
2026-05-02;Pathology28;7;64.857143
2026-05-02;Pathology29;5;54.8
2026-05-02;Pathology3;3;62.666667
2026-05-02;Pathology30;3;59.333333
2026-05-02;Pathology31;7;59.428571
2026-05-02;Pathology32;3;50.666667
2026-05-02;Pathology33;6;42.5
2026-05-02;Pathology34;2;80.0
2026-05-02;Pathology35;7;55.142857
2026-05-02;Pathology36;6;73.166667
2026-05-02;Pathology37;7;34.0
2026-05-02;Pathology38;8;60.375
2026-05-02;Pathology39;9;52.111111
2026-05-02;Pathology4;1;94.0
2026-05-02;Pathology40;4;66.0
2026-05-02;Pathology41;8;48.0
2026-05-02;Pathology42;7;50.285714
2026-05-02;Pathology43;6;47.5
2026-05-02;Pathology44;7;58.428571
2026-05-02;Pathology45;9;47.777778
2026-05-02;Pathology46;8;57.375
2026-05-02;Pathology47;6;49.333333
2026-05-02;Pathology48;11;42.0
2026-05-02;Pathology49;9;53.555556
2026-05-02;Pathology5;8;47.125
2026-05-02;Pathology50;3;70.666667
2026-05-02;Pathology51;6;48.166667
2026-05-02;Pathology52;6;50.666667
2026-05-02;Pathology53;3;53.666667
2026-05-02;Pathology54;4;47.25
2026-05-02;Pathology55;1;28.0
2026-05-02;Pathology56;6;57.333333
2026-05-02;Pathology57;4;57.0
2026-05-02;Pathology58;7;31.428571
2026-05-02;Pathology59;6;65.333333
2026-05-02;Pathology6;6;49.0
2026-05-02;Pathology60;6;68.666667
2026-05-02;Pathology61;5;36.6
2026-05-02;Pathology62;8;46.0
2026-05-02;Pathology63;4;58.0
2026-05-02;Pathology64;3;46.0
2026-05-02;Pathology65;7;59.285714
2026-05-02;Pathology66;6;53.5
2026-05-02;Pathology67;10;52.3
2026-05-02;Pathology68;8;48.125
2026-05-02;Pathology69;5;46.2
2026-05-02;Pathology7;4;46.75
2026-05-02;Pathology70;4;55.0
2026-05-02;Pathology71;1;34.0
2026-05-02;Pathology72;6;73.166667
2026-05-02;Pathology73;4;41.25
2026-05-02;Pathology74;7;63.571429
2026-05-02;Pathology75;4;45.75
2026-05-02;Pathology76;6;34.166667
2026-05-02;Pathology77;5;60.0
2026-05-02;Pathology78;10;49.3
2026-05-02;Pathology79;6;78.333333
2026-05-02;Pathology8;6;59.166667
2026-05-02;Pathology80;3;40.0
2026-05-02;Pathology81;8;50.5
2026-05-02;Pathology82;8;58.25
2026-05-02;Pathology83;5;58.6
2026-05-02;Pathology84;3;39.333333
2026-05-02;Pathology85;7;55.714286
2026-05-02;Pathology86;8;66.125
2026-05-02;Pathology87;10;53.6
2026-05-02;Pathology88;4;57.75
2026-05-02;Pathology89;5;58.0
2026-05-02;Pathology9;4;41.5
2026-05-02;Pathology90;4;62.75
2026-05-02;Pathology91;6;65.333333
2026-05-02;Pathology92;3;62.666667
2026-05-02;Pathology93;4;44.0
2026-05-02;Pathology94;5;77.2
2026-05-02;Pathology95;8;55.75
2026-05-02;Pathology96;6;49.666667
2026-05-02;Pathology97;9;63.555556
2026-05-02;Pathology98;2;80.5
2026-05-02;Pathology99;6;46.5
2026-05-03;Pathology1;26;52.230769
2026-05-03;Pathology10;18;56.388889
2026-05-03;Pathology11;17;60.294118
2026-05-03;Pathology12;14;59.142857
2026-05-03;Pathology13;19;69.421053
2026-05-03;Pathology14;11;44.909091
2026-05-03;Pathology15;20;53.4
2026-05-03;Pathology16;21;47.0
2026-05-03;Pathology17;21;42.380952
2026-05-03;Pathology18;16;56.1875
2026-05-03;Pathology19;16;52.1875
2026-05-03;Pathology2;11;47.272727
2026-05-03;Pathology20;14;59.142857
2026-05-03;Pathology21;15;62.733333
2026-05-03;Pathology22;21;53.52381
2026-05-03;Pathology23;15;51.8
2026-05-03;Pathology24;14;54.142857
2026-05-03;Pathology25;13;49.230769
2026-05-03;Pathology26;17;49.058824
2026-05-03;Pathology27;17;42.764706
2026-05-03;Pathology28;11;61.454545
2026-05-03;Pathology29;15;50.066667
2026-05-03;Pathology3;14;39.357143
2026-05-03;Pathology30;20;62.5
2026-05-03;Pathology31;14;54.0
2026-05-03;Pathology32;17;53.117647
2026-05-03;Pathology33;19;50.736842
2026-05-03;Pathology34;14;46.0
2026-05-03;Pathology35;19;67.578947
2026-05-03;Pathology36;18;32.611111
2026-05-03;Pathology37;20;49.65
2026-05-03;Pathology38;10;70.2
2026-05-03;Pathology39;10;54.4
2026-05-03;Pathology4;17;54.705882
2026-05-03;Pathology40;16;55.3125
2026-05-03;Pathology41;20;62.45
2026-05-03;Pathology42;14;62.214286
2026-05-03;Pathology43;17;45.588235
2026-05-03;Pathology44;17;60.0
2026-05-03;Pathology45;12;39.0
2026-05-03;Pathology46;16;65.9375
2026-05-03;Pathology47;14;60.428571
2026-05-03;Pathology48;15;51.0
2026-05-03;Pathology49;15;44.066667
2026-05-03;Pathology5;26;49.192308
2026-05-03;Pathology50;15;51.933333
2026-05-03;Pathology51;11;51.272727
2026-05-03;Pathology52;19;46.842105
2026-05-03;Pathology53;16;45.9375
2026-05-03;Pathology54;21;47.52381
2026-05-03;Pathology55;18;41.0
2026-05-03;Pathology56;23;60.434783
2026-05-03;Pathology57;16;47.0625
2026-05-03;Pathology58;17;52.529412
2026-05-03;Pathology59;22;53.909091
2026-05-03;Pathology6;14;51.0
2026-05-03;Pathology60;18;53.777778
2026-05-03;Pathology61;23;48.0
2026-05-03;Pathology62;17;39.176471
2026-05-03;Pathology63;18;58.333333
2026-05-03;Pathology64;15;54.733333
2026-05-03;Pathology65;14;60.071429
2026-05-03;Pathology66;22;53.136364
2026-05-03;Pathology67;16;54.75
2026-05-03;Pathology68;17;61.470588
2026-05-03;Pathology69;13;58.692308
2026-05-03;Pathology7;16;47.375
2026-05-03;Pathology70;13;53.846154
2026-05-03;Pathology71;14;59.785714
2026-05-03;Pathology72;16;48.4375
2026-05-03;Pathology73;16;56.0625
2026-05-03;Pathology74;12;50.583333
2026-05-03;Pathology75;22;48.727273
2026-05-03;Pathology76;20;52.25
2026-05-03;Pathology77;22;53.863636
2026-05-03;Pathology78;14;55.285714
2026-05-03;Pathology79;17;50.352941
2026-05-03;Pathology8;11;49.272727
2026-05-03;Pathology80;26;41.461538
2026-05-03;Pathology81;13;55.153846
2026-05-03;Pathology82;17;52.294118
2026-05-03;Pathology83;20;44.1
2026-05-03;Pathology84;21;64.714286
2026-05-03;Pathology85;17;55.0
2026-05-03;Pathology86;16;46.5
2026-05-03;Pathology87;15;50.266667
2026-05-03;Pathology88;16;61.4375
2026-05-03;Pathology89;14;50.285714
2026-05-03;Pathology9;11;56.363636
2026-05-03;Pathology90;18;50.611111
2026-05-03;Pathology91;16;60.25
2026-05-03;Pathology92;19;52.263158
2026-05-03;Pathology93;28;57.285714
2026-05-03;Pathology94;16;45.1875
2026-05-03;Pathology95;15;48.133333
2026-05-03;Pathology96;14;59.785714
2026-05-03;Pathology97;24;58.625
2026-05-03;Pathology98;18;52.555556
2026-05-03;Pathology99;16;44.5625
2026-05-04;Pathology1;2;72.0
2026-05-04;Pathology10;6;53.0
2026-05-04;Pathology11;5;55.2
2026-05-04;Pathology12;9;55.555556
2026-05-04;Pathology13;6;44.666667
2026-05-04;Pathology14;3;46.666667
2026-05-04;Pathology15;5;43.4
2026-05-04;Pathology16;9;53.444444
2026-05-04;Pathology17;1;44.0
2026-05-04;Pathology18;3;53.0
2026-05-04;Pathology19;7;49.714286
2026-05-04;Pathology2;9;58.777778
2026-05-04;Pathology20;8;41.25
2026-05-04;Pathology21;6;58.833333
2026-05-04;Pathology22;7;42.857143
2026-05-04;Pathology23;7;61.285714
2026-05-04;Pathology24;7;31.714286
2026-05-04;Pathology25;5;64.0
2026-05-04;Pathology26;7;50.714286
2026-05-04;Pathology27;8;54.0
2026-05-04;Pathology28;9;47.333333
2026-05-04;Pathology29;6;38.166667
2026-05-04;Pathology3;4;70.0
2026-05-04;Pathology30;8;58.125
2026-05-04;Pathology31;5;63.2
2026-05-04;Pathology32;4;30.25
2026-05-04;Pathology33;8;59.0
2026-05-04;Pathology34;4;53.75
2026-05-04;Pathology35;4;38.25
2026-05-04;Pathology36;10;54.0
2026-05-04;Pathology37;6;52.833333
2026-05-04;Pathology38;4;72.25
2026-05-04;Pathology39;6;43.666667
2026-05-04;Pathology4;6;48.833333
2026-05-04;Pathology40;7;64.285714
2026-05-04;Pathology41;6;44.833333
2026-05-04;Pathology42;4;57.25
2026-05-04;Pathology43;6;64.666667
2026-05-04;Pathology44;10;41.4
2026-05-04;Pathology45;7;56.428571
2026-05-04;Pathology46;4;51.5
2026-05-04;Pathology47;4;59.25
2026-05-04;Pathology48;4;41.75
2026-05-04;Pathology49;2;52.5
2026-05-04;Pathology5;5;35.6
2026-05-04;Pathology50;3;69.666667
2026-05-04;Pathology51;4;35.25
2026-05-04;Pathology52;6;40.666667
2026-05-04;Pathology53;4;52.5
2026-05-04;Pathology54;8;51.625
2026-05-04;Pathology55;6;59.5
2026-05-04;Pathology56;7;70.714286
2026-05-04;Pathology57;5;41.6
2026-05-04;Pathology58;3;33.666667
2026-05-04;Pathology59;6;57.333333
2026-05-04;Pathology6;6;24.333333
2026-05-04;Pathology60;9;57.888889
2026-05-04;Pathology61;6;53.166667
2026-05-04;Pathology62;6;34.333333
2026-05-04;Pathology63;10;44.8
2026-05-04;Pathology64;7;50.285714
2026-05-04;Pathology65;5;71.6
2026-05-04;Pathology66;6;61.833333
2026-05-04;Pathology67;5;33.4
2026-05-04;Pathology68;6;55.166667
2026-05-04;Pathology69;5;46.8
2026-05-04;Pathology7;5;51.2
2026-05-04;Pathology70;4;30.75
2026-05-04;Pathology71;7;45.285714
2026-05-04;Pathology72;5;56.2
2026-05-04;Pathology73;5;48.8
2026-05-04;Pathology74;4;72.0
2026-05-04;Pathology75;5;29.8
2026-05-04;Pathology76;3;53.333333
2026-05-04;Pathology77;6;57.666667
2026-05-04;Pathology78;4;68.5
2026-05-04;Pathology79;5;45.4
2026-05-04;Pathology8;3;37.333333
2026-05-04;Pathology80;7;39.0
2026-05-04;Pathology81;5;45.2
2026-05-04;Pathology82;6;46.5
2026-05-04;Pathology83;4;34.25
2026-05-04;Pathology84;3;67.0
2026-05-04;Pathology85;6;57.833333
2026-05-04;Pathology86;7;60.714286
2026-05-04;Pathology87;5;60.4
2026-05-04;Pathology88;2;39.5
2026-05-04;Pathology89;6;53.333333
2026-05-04;Pathology9;5;51.2
2026-05-04;Pathology90;8;52.375
2026-05-04;Pathology91;5;37.6
2026-05-04;Pathology92;8;44.75
2026-05-04;Pathology93;7;73.428571
2026-05-04;Pathology94;7;58.857143
2026-05-04;Pathology95;7;53.571429
2026-05-04;Pathology96;7;36.571429
2026-05-04;Pathology97;4;49.25
2026-05-04;Pathology98;8;59.5
2026-05-04;Pathology99;7;47.714286
2026-05-05;Pathology1;12;43.666667
2026-05-05;Pathology10;17;58.529412
2026-05-05;Pathology11;14;36.928571
2026-05-05;Pathology12;16;58.4375
2026-05-05;Pathology13;8;61.25
2026-05-05;Pathology14;16;61.5
2026-05-05;Pathology15;15;53.133333
2026-05-05;Pathology16;16;48.5625
2026-05-05;Pathology17;15;49.266667
2026-05-05;Pathology18;15;53.0
2026-05-05;Pathology19;13;57.230769
2026-05-05;Pathology2;14;46.857143
2026-05-05;Pathology20;14;46.142857
2026-05-05;Pathology21;19;50.631579
2026-05-05;Pathology22;8;67.375
2026-05-05;Pathology23;16;54.8125
2026-05-05;Pathology24;10;55.9
2026-05-05;Pathology25;25;53.56
2026-05-05;Pathology26;15;44.0
2026-05-05;Pathology27;18;54.111111
2026-05-05;Pathology28;15;53.866667
2026-05-05;Pathology29;16;60.0
2026-05-05;Pathology3;11;44.727273
2026-05-05;Pathology30;16;46.25
2026-05-05;Pathology31;11;59.636364
2026-05-05;Pathology32;22;49.727273
2026-05-05;Pathology33;11;44.363636
2026-05-05;Pathology34;10;71.2
2026-05-05;Pathology35;13;51.692308
2026-05-05;Pathology36;12;54.25
2026-05-05;Pathology37;12;56.25
2026-05-05;Pathology38;11;56.090909
2026-05-05;Pathology39;12;61.833333
2026-05-05;Pathology4;19;51.631579
2026-05-05;Pathology40;14;41.928571
2026-05-05;Pathology41;22;46.545455
2026-05-05;Pathology42;16;52.0
2026-05-05;Pathology43;6;53.666667
2026-05-05;Pathology44;12;51.166667
2026-05-05;Pathology45;11;55.636364
2026-05-05;Pathology46;14;50.071429
2026-05-05;Pathology47;21;52.52381
2026-05-05;Pathology48;20;49.3
2026-05-05;Pathology49;19;54.315789
2026-05-05;Pathology5;21;56.952381
2026-05-05;Pathology50;19;47.684211
2026-05-05;Pathology51;12;47.5
2026-05-05;Pathology52;13;50.384615
2026-05-05;Pathology53;16;56.875
2026-05-05;Pathology54;8;51.25
2026-05-05;Pathology55;25;55.16
2026-05-05;Pathology56;16;50.0625
2026-05-05;Pathology57;23;52.130435
2026-05-05;Pathology58;11;47.0
2026-05-05;Pathology59;15;55.0
2026-05-05;Pathology6;14;39.714286
2026-05-05;Pathology60;14;54.071429
2026-05-05;Pathology61;12;56.916667
2026-05-05;Pathology62;17;47.705882
2026-05-05;Pathology63;19;52.526316
2026-05-05;Pathology64;19;58.368421
2026-05-05;Pathology65;13;56.846154
2026-05-05;Pathology66;12;45.166667
2026-05-05;Pathology67;13;48.384615
2026-05-05;Pathology68;12;44.833333
2026-05-05;Pathology69;18;51.944444
2026-05-05;Pathology7;15;60.066667
2026-05-05;Pathology70;11;47.727273
2026-05-05;Pathology71;15;54.733333
2026-05-05;Pathology72;10;44.0
2026-05-05;Pathology73;17;67.235294
2026-05-05;Pathology74;15;56.666667
2026-05-05;Pathology75;16;44.9375
2026-05-05;Pathology76;13;56.384615
2026-05-05;Pathology77;11;58.545455
2026-05-05;Pathology78;13;56.538462
2026-05-05;Pathology79;10;45.6
2026-05-05;Pathology8;15;50.333333
2026-05-05;Pathology80;17;51.176471
2026-05-05;Pathology81;18;50.277778
2026-05-05;Pathology82;11;53.909091
2026-05-05;Pathology83;14;45.928571
2026-05-05;Pathology84;12;61.833333
2026-05-05;Pathology85;14;46.285714
2026-05-05;Pathology86;10;59.7
2026-05-05;Pathology87;9;59.666667
2026-05-05;Pathology88;8;50.0
2026-05-05;Pathology89;10;48.0
2026-05-05;Pathology9;19;45.0
2026-05-05;Pathology90;9;66.888889
2026-05-05;Pathology91;16;55.6875
2026-05-05;Pathology92;15;51.4
2026-05-05;Pathology93;14;53.285714
2026-05-05;Pathology94;11;51.909091
2026-05-05;Pathology95;15;46.466667
2026-05-05;Pathology96;11;55.727273
2026-05-05;Pathology97;13;54.461538
2026-05-05;Pathology98;11;58.454545
2026-05-05;Pathology99;23;57.521739
2026-05-06;Pathology1;15;56.866667
2026-05-06;Pathology10;17;62.0
2026-05-06;Pathology11;15;49.6
2026-05-06;Pathology12;11;54.545455
2026-05-06;Pathology13;16;64.3125
2026-05-06;Pathology14;14;53.0
2026-05-06;Pathology15;18;57.111111
2026-05-06;Pathology16;13;50.153846
2026-05-06;Pathology17;14;56.785714
2026-05-06;Pathology18;11;52.636364
2026-05-06;Pathology19;13;48.615385
2026-05-06;Pathology2;14;55.642857
2026-05-06;Pathology20;17;55.411765
2026-05-06;Pathology21;18;50.0
2026-05-06;Pathology22;17;55.882353
2026-05-06;Pathology23;13;55.769231
2026-05-06;Pathology24;18;37.833333
2026-05-06;Pathology25;13;56.307692
2026-05-06;Pathology26;15;57.266667
2026-05-06;Pathology27;17;57.235294
2026-05-06;Pathology28;19;51.947368
2026-05-06;Pathology29;7;39.428571
2026-05-06;Pathology3;16;45.75
2026-05-06;Pathology30;8;42.75
2026-05-06;Pathology31;11;63.090909
2026-05-06;Pathology32;11;48.818182
2026-05-06;Pathology33;15;54.866667
2026-05-06;Pathology34;14;60.928571
2026-05-06;Pathology35;17;54.0
2026-05-06;Pathology36;20;50.2
2026-05-06;Pathology37;16;51.5
2026-05-06;Pathology38;15;46.733333
2026-05-06;Pathology39;15;57.933333
2026-05-06;Pathology4;9;56.333333
2026-05-06;Pathology40;17;49.411765
2026-05-06;Pathology41;19;54.263158
2026-05-06;Pathology42;14;51.785714
2026-05-06;Pathology43;17;57.882353
2026-05-06;Pathology44;17;39.235294
2026-05-06;Pathology45;10;48.7
2026-05-06;Pathology46;23;50.869565
2026-05-06;Pathology47;14;54.714286
2026-05-06;Pathology48;17;42.294118
2026-05-06;Pathology49;11;42.272727
2026-05-06;Pathology5;21;54.0
2026-05-06;Pathology50;20;57.0
2026-05-06;Pathology51;12;47.75
2026-05-06;Pathology52;16;51.375
2026-05-06;Pathology53;21;51.52381
2026-05-06;Pathology54;12;65.5
2026-05-06;Pathology55;18;50.666667
2026-05-06;Pathology56;20;56.55
2026-05-06;Pathology57;13;60.307692
2026-05-06;Pathology58;16;58.875
2026-05-06;Pathology59;10;52.4
2026-05-06;Pathology6;11;49.545455
2026-05-06;Pathology60;17;48.352941
2026-05-06;Pathology61;14;70.357143
2026-05-06;Pathology62;18;48.555556
2026-05-06;Pathology63;11;44.636364
2026-05-06;Pathology64;10;59.7
2026-05-06;Pathology65;17;62.235294
2026-05-06;Pathology66;17;56.176471
2026-05-06;Pathology67;9;67.222222
2026-05-06;Pathology68;15;71.066667
2026-05-06;Pathology69;16;52.375
2026-05-06;Pathology7;15;57.533333
2026-05-06;Pathology70;17;51.470588
2026-05-06;Pathology71;15;42.333333
2026-05-06;Pathology72;19;58.421053
2026-05-06;Pathology73;12;66.916667
2026-05-06;Pathology74;12;57.5
2026-05-06;Pathology75;15;54.4
2026-05-06;Pathology76;12;48.083333
2026-05-06;Pathology77;21;62.714286
2026-05-06;Pathology78;12;62.5
2026-05-06;Pathology79;18;51.222222
2026-05-06;Pathology8;18;57.388889
2026-05-06;Pathology80;19;48.157895
2026-05-06;Pathology81;14;43.928571
2026-05-06;Pathology82;21;46.952381
2026-05-06;Pathology83;11;53.545455
2026-05-06;Pathology84;16;54.0625
2026-05-06;Pathology85;26;48.538462
2026-05-06;Pathology86;14;47.571429
2026-05-06;Pathology87;18;56.333333
2026-05-06;Pathology88;10;48.8
2026-05-06;Pathology89;14;49.0
2026-05-06;Pathology9;17;50.294118
2026-05-06;Pathology90;11;55.0
2026-05-06;Pathology91;11;49.454545
2026-05-06;Pathology92;19;53.631579
2026-05-06;Pathology93;12;48.583333
2026-05-06;Pathology94;10;45.4
2026-05-06;Pathology95;14;50.285714
2026-05-06;Pathology96;15;49.266667
2026-05-06;Pathology97;16;56.1875
2026-05-06;Pathology98;16;51.5
2026-05-06;Pathology99;15;59.933333
2026-05-07;Pathology1;17;51.352941
2026-05-07;Pathology10;17;60.470588
2026-05-07;Pathology11;18;50.444444
2026-05-07;Pathology12;11;60.545455
2026-05-07;Pathology13;25;53.44
2026-05-07;Pathology14;19;47.842105
2026-05-07;Pathology15;17;53.705882
2026-05-07;Pathology16;12;43.5
2026-05-07;Pathology17;16;52.8125
2026-05-07;Pathology18;20;42.2
2026-05-07;Pathology19;16;55.6875
2026-05-07;Pathology2;22;53.363636
2026-05-07;Pathology20;19;42.421053
2026-05-07;Pathology21;8;65.0
2026-05-07;Pathology22;14;66.142857
2026-05-07;Pathology23;20;55.45
2026-05-07;Pathology24;12;57.333333
2026-05-07;Pathology25;17;54.941176
2026-05-07;Pathology26;23;52.565217
2026-05-07;Pathology27;13;53.0
2026-05-07;Pathology28;17;55.823529
2026-05-07;Pathology29;16;54.0625
2026-05-07;Pathology3;9;47.555556
2026-05-07;Pathology30;21;54.52381
2026-05-07;Pathology31;15;65.6
2026-05-07;Pathology32;14;57.928571
2026-05-07;Pathology33;21;53.761905
2026-05-07;Pathology34;14;64.071429
2026-05-07;Pathology35;12;54.0
2026-05-07;Pathology36;13;52.0
2026-05-07;Pathology37;17;56.235294
2026-05-07;Pathology38;12;48.166667
2026-05-07;Pathology39;23;51.913043
2026-05-07;Pathology4;13;52.692308
2026-05-07;Pathology40;21;52.47619
2026-05-07;Pathology41;11;55.090909
2026-05-07;Pathology42;14;60.0
2026-05-07;Pathology43;18;47.777778
2026-05-07;Pathology44;14;45.928571
2026-05-07;Pathology45;17;45.941176
2026-05-07;Pathology46;12;47.583333
2026-05-07;Pathology47;13;52.230769
2026-05-07;Pathology48;15;36.6
2026-05-07;Pathology49;14;47.071429
2026-05-07;Pathology5;12;47.5
2026-05-07;Pathology50;15;62.0
2026-05-07;Pathology51;18;56.611111
2026-05-07;Pathology52;19;47.263158
2026-05-07;Pathology53;18;54.611111
2026-05-07;Pathology54;19;55.052632
2026-05-07;Pathology55;14;44.428571
2026-05-07;Pathology56;10;50.5
2026-05-07;Pathology57;14;49.785714
2026-05-07;Pathology58;19;55.210526
2026-05-07;Pathology59;17;61.0
2026-05-07;Pathology6;18;58.111111
2026-05-07;Pathology60;22;57.227273
2026-05-07;Pathology61;14;46.857143
2026-05-07;Pathology62;18;64.222222
2026-05-07;Pathology63;12;51.0
2026-05-07;Pathology64;21;48.761905
2026-05-07;Pathology65;21;43.52381
2026-05-07;Pathology66;15;41.466667
2026-05-07;Pathology67;14;45.428571
2026-05-07;Pathology68;13;52.153846
2026-05-07;Pathology69;7;70.285714
2026-05-07;Pathology7;22;42.272727
2026-05-07;Pathology70;24;49.958333
2026-05-07;Pathology71;21;53.47619
2026-05-07;Pathology72;14;55.571429
2026-05-07;Pathology73;15;44.2
2026-05-07;Pathology74;17;59.117647
2026-05-07;Pathology75;17;55.235294
2026-05-07;Pathology76;17;47.058824
2026-05-07;Pathology77;17;58.882353
2026-05-07;Pathology78;20;54.9
2026-05-07;Pathology79;12;47.0
2026-05-07;Pathology8;17;44.0
2026-05-07;Pathology80;22;50.636364
2026-05-07;Pathology81;19;54.526316
2026-05-07;Pathology82;15;61.0
2026-05-07;Pathology83;14;57.071429
2026-05-07;Pathology84;21;42.0
2026-05-07;Pathology85;24;44.666667
2026-05-07;Pathology86;16;52.75
2026-05-07;Pathology87;16;44.625
2026-05-07;Pathology88;17;65.529412
2026-05-07;Pathology89;21;50.47619
2026-05-07;Pathology9;19;53.526316
2026-05-07;Pathology90;11;47.454545
2026-05-07;Pathology91;16;58.5625
2026-05-07;Pathology92;18;53.611111
2026-05-07;Pathology93;15;53.066667
2026-05-07;Pathology94;19;46.263158
2026-05-07;Pathology95;12;28.5
2026-05-07;Pathology96;15;53.266667
2026-05-07;Pathology97;14;52.428571
2026-05-07;Pathology98;19;58.105263
2026-05-07;Pathology99;20;57.8
2026-05-08;Pathology1;18;44.222222
2026-05-08;Pathology10;21;59.761905
2026-05-08;Pathology11;23;57.695652
2026-05-08;Pathology12;14;45.714286
2026-05-08;Pathology13;24;53.25
2026-05-08;Pathology14;17;45.294118
2026-05-08;Pathology15;27;58.111111
2026-05-08;Pathology16;14;42.714286
2026-05-08;Pathology17;11;47.636364
2026-05-08;Pathology18;19;51.210526
2026-05-08;Pathology19;19;52.578947
2026-05-08;Pathology2;21;61.190476
2026-05-08;Pathology20;12;60.75
2026-05-08;Pathology21;25;52.4
2026-05-08;Pathology22;23;48.565217
2026-05-08;Pathology23;32;60.53125
2026-05-08;Pathology24;7;59.571429
2026-05-08;Pathology25;13;46.538462
2026-05-08;Pathology26;24;66.458333
2026-05-08;Pathology27;18;56.722222
2026-05-08;Pathology28;15;68.8
2026-05-08;Pathology29;18;54.888889
2026-05-08;Pathology3;14;57.785714
2026-05-08;Pathology30;18;57.833333
2026-05-08;Pathology31;21;49.190476
2026-05-08;Pathology32;19;52.473684
2026-05-08;Pathology33;18;58.666667
2026-05-08;Pathology34;18;47.722222
2026-05-08;Pathology35;19;59.842105
2026-05-08;Pathology36;21;54.47619
2026-05-08;Pathology37;20;47.8
2026-05-08;Pathology38;21;50.47619
2026-05-08;Pathology39;13;55.615385
2026-05-08;Pathology4;18;57.388889
2026-05-08;Pathology40;17;51.823529
2026-05-08;Pathology41;22;53.727273
2026-05-08;Pathology42;14;50.5
2026-05-08;Pathology43;21;55.380952
2026-05-08;Pathology44;21;48.333333
2026-05-08;Pathology45;20;55.5
2026-05-08;Pathology46;18;53.444444
2026-05-08;Pathology47;14;41.428571
2026-05-08;Pathology48;24;54.625
2026-05-08;Pathology49;15;60.2
2026-05-08;Pathology5;18;53.777778
2026-05-08;Pathology50;21;57.857143
2026-05-08;Pathology51;22;60.818182
2026-05-08;Pathology52;15;63.133333
2026-05-08;Pathology53;10;52.1
2026-05-08;Pathology54;15;46.933333
2026-05-08;Pathology55;15;42.666667
2026-05-08;Pathology56;18;56.722222
2026-05-08;Pathology57;24;50.583333
2026-05-08;Pathology58;17;45.176471
2026-05-08;Pathology59;24;58.416667
2026-05-08;Pathology6;15;41.8
2026-05-08;Pathology60;11;49.090909
2026-05-08;Pathology61;19;50.526316
2026-05-08;Pathology62;18;56.222222
2026-05-08;Pathology63;20;53.25
2026-05-08;Pathology64;17;55.176471
2026-05-08;Pathology65;21;44.190476
2026-05-08;Pathology66;16;45.6875
2026-05-08;Pathology67;17;46.941176
2026-05-08;Pathology68;18;36.444444
2026-05-08;Pathology69;23;49.521739
2026-05-08;Pathology7;15;58.466667
2026-05-08;Pathology70;13;53.615385
2026-05-08;Pathology71;26;48.346154
2026-05-08;Pathology72;13;54.076923
2026-05-08;Pathology73;18;58.277778
2026-05-08;Pathology74;17;50.764706
2026-05-08;Pathology75;11;49.0
2026-05-08;Pathology76;9;43.0
2026-05-08;Pathology77;15;55.733333
2026-05-08;Pathology78;23;40.173913
2026-05-08;Pathology79;14;51.285714
2026-05-08;Pathology8;18;49.055556
2026-05-08;Pathology80;15;52.666667
2026-05-08;Pathology81;19;45.578947
2026-05-08;Pathology82;15;46.333333
2026-05-08;Pathology83;19;56.578947
2026-05-08;Pathology84;16;45.625
2026-05-08;Pathology85;21;53.285714
2026-05-08;Pathology86;15;46.866667
2026-05-08;Pathology87;15;44.066667
2026-05-08;Pathology88;21;48.333333
2026-05-08;Pathology89;22;68.818182
2026-05-08;Pathology9;24;56.666667
2026-05-08;Pathology90;14;65.071429
2026-05-08;Pathology91;18;51.166667
2026-05-08;Pathology92;20;55.9
2026-05-08;Pathology93;13;51.846154
2026-05-08;Pathology94;18;50.611111
2026-05-08;Pathology95;15;68.2
2026-05-08;Pathology96;17;47.823529
2026-05-08;Pathology97;21;55.714286
2026-05-08;Pathology98;21;45.0
2026-05-08;Pathology99;19;55.842105
2026-05-09;Pathology1;5;63.6
2026-05-09;Pathology10;7;44.142857
2026-05-09;Pathology11;5;57.8
2026-05-09;Pathology12;5;53.0
2026-05-09;Pathology13;3;48.333333
2026-05-09;Pathology14;7;44.857143
2026-05-09;Pathology15;8;58.875
2026-05-09;Pathology16;8;45.125
2026-05-09;Pathology17;7;57.571429
2026-05-09;Pathology18;6;58.666667
2026-05-09;Pathology19;4;56.0
2026-05-09;Pathology2;10;46.9
2026-05-09;Pathology20;5;53.4
2026-05-09;Pathology21;6;61.0
2026-05-09;Pathology22;11;74.181818
2026-05-09;Pathology23;5;33.2
2026-05-09;Pathology24;12;54.416667
2026-05-09;Pathology25;5;47.4
2026-05-09;Pathology26;8;63.75
2026-05-09;Pathology27;7;47.857143
2026-05-09;Pathology28;1;76.0
2026-05-09;Pathology29;5;46.2
2026-05-09;Pathology3;10;57.8
2026-05-09;Pathology30;4;56.5
2026-05-09;Pathology31;5;34.4
2026-05-09;Pathology32;8;63.875
2026-05-09;Pathology33;8;51.875
2026-05-09;Pathology34;7;46.571429
2026-05-09;Pathology35;7;53.571429
2026-05-09;Pathology36;1;32.0
2026-05-09;Pathology37;7;54.0
2026-05-09;Pathology38;3;37.666667
2026-05-09;Pathology39;4;53.5
2026-05-09;Pathology4;9;58.111111
2026-05-09;Pathology40;9;44.666667
2026-05-09;Pathology41;8;35.0
2026-05-09;Pathology42;11;58.909091
2026-05-09;Pathology43;9;61.222222
2026-05-09;Pathology44;3;69.666667
2026-05-09;Pathology45;6;48.833333
2026-05-09;Pathology46;5;41.4
2026-05-09;Pathology47;10;45.9
2026-05-09;Pathology48;4;48.5
2026-05-09;Pathology49;2;45.5
2026-05-09;Pathology5;4;65.25
2026-05-09;Pathology50;4;55.75
2026-05-09;Pathology51;7;45.714286
2026-05-09;Pathology52;6;52.0
2026-05-09;Pathology53;4;57.0
2026-05-09;Pathology54;7;53.142857
2026-05-09;Pathology55;1;76.0
2026-05-09;Pathology56;6;41.833333
2026-05-09;Pathology57;9;53.666667
2026-05-09;Pathology58;7;42.714286
2026-05-09;Pathology59;4;68.25
2026-05-09;Pathology6;5;75.4
2026-05-09;Pathology60;4;36.5
2026-05-09;Pathology61;13;62.769231
2026-05-09;Pathology62;7;59.285714
2026-05-09;Pathology63;11;59.727273
2026-05-09;Pathology64;8;56.125
2026-05-09;Pathology65;11;50.727273
2026-05-09;Pathology66;10;52.9
2026-05-09;Pathology67;8;50.125
2026-05-09;Pathology68;4;42.25
2026-05-09;Pathology69;8;46.875
2026-05-09;Pathology7;4;51.0
2026-05-09;Pathology70;7;44.0
2026-05-09;Pathology71;5;56.0
2026-05-09;Pathology72;3;50.666667
2026-05-09;Pathology73;9;51.777778
2026-05-09;Pathology74;8;70.0
2026-05-09;Pathology75;3;16.666667
2026-05-09;Pathology77;6;62.833333
2026-05-09;Pathology78;4;37.75
2026-05-09;Pathology79;6;61.166667
2026-05-09;Pathology8;9;46.333333
2026-05-09;Pathology80;7;58.285714
2026-05-09;Pathology81;9;54.555556
2026-05-09;Pathology82;4;62.25
2026-05-09;Pathology83;9;46.333333
2026-05-09;Pathology84;8;67.125
2026-05-09;Pathology85;7;45.285714
2026-05-09;Pathology86;2;83.0
2026-05-09;Pathology87;8;57.625
2026-05-09;Pathology88;2;55.5
2026-05-09;Pathology89;6;50.5
2026-05-09;Pathology9;8;40.5
2026-05-09;Pathology90;6;57.166667
2026-05-09;Pathology91;8;54.0
2026-05-09;Pathology92;4;59.25
2026-05-09;Pathology93;4;54.25
2026-05-09;Pathology94;2;45.0
2026-05-09;Pathology95;4;67.25
2026-05-09;Pathology96;3;79.333333
2026-05-09;Pathology97;6;39.333333
2026-05-09;Pathology98;4;44.25
2026-05-09;Pathology99;6;59.0
2026-05-10;Pathology1;14;51.0
2026-05-10;Pathology10;19;49.526316
2026-05-10;Pathology11;17;52.117647
2026-05-10;Pathology12;16;59.625
2026-05-10;Pathology13;14;48.357143
2026-05-10;Pathology14;16;50.5
2026-05-10;Pathology15;21;63.047619
2026-05-10;Pathology16;21;57.47619
2026-05-10;Pathology17;11;49.545455
2026-05-10;Pathology18;20;53.55
2026-05-10;Pathology19;15;50.0
2026-05-10;Pathology2;18;65.611111
2026-05-10;Pathology20;22;53.590909
2026-05-10;Pathology21;17;52.529412
2026-05-10;Pathology22;19;39.578947
2026-05-10;Pathology23;19;56.631579
2026-05-10;Pathology24;24;52.666667
2026-05-10;Pathology25;21;50.238095
2026-05-10;Pathology26;23;53.26087
2026-05-10;Pathology27;17;54.588235
2026-05-10;Pathology28;17;49.117647
2026-05-10;Pathology29;10;56.6
2026-05-10;Pathology3;17;47.764706
2026-05-10;Pathology30;23;53.26087
2026-05-10;Pathology31;20;55.05
2026-05-10;Pathology32;17;52.117647
2026-05-10;Pathology33;13;62.076923
2026-05-10;Pathology34;24;48.833333
2026-05-10;Pathology35;18;54.055556
2026-05-10;Pathology36;13;43.923077
2026-05-10;Pathology37;21;52.238095
2026-05-10;Pathology38;19;49.684211
2026-05-10;Pathology39;25;51.84
2026-05-10;Pathology4;14;58.857143
2026-05-10;Pathology40;16;58.4375
2026-05-10;Pathology41;17;47.470588
2026-05-10;Pathology42;18;60.111111
2026-05-10;Pathology43;21;46.857143
2026-05-10;Pathology44;15;55.266667
2026-05-10;Pathology45;21;48.619048
2026-05-10;Pathology46;13;53.538462
2026-05-10;Pathology47;14;39.642857
2026-05-10;Pathology48;14;51.357143
2026-05-10;Pathology49;19;62.315789
2026-05-10;Pathology5;17;50.117647
2026-05-10;Pathology50;18;52.944444
2026-05-10;Pathology51;21;48.571429
2026-05-10;Pathology52;16;64.8125
2026-05-10;Pathology53;24;52.583333
2026-05-10;Pathology54;12;49.0
2026-05-10;Pathology55;18;50.222222
2026-05-10;Pathology56;9;45.777778
2026-05-10;Pathology57;23;59.043478
2026-05-10;Pathology58;22;52.090909
2026-05-10;Pathology59;16;46.0
2026-05-10;Pathology6;19;56.368421
2026-05-10;Pathology60;27;44.0
2026-05-10;Pathology61;20;48.7
2026-05-10;Pathology62;16;49.875
2026-05-10;Pathology63;26;45.307692
2026-05-10;Pathology64;23;43.478261
2026-05-10;Pathology65;18;47.611111
2026-05-10;Pathology66;13;33.538462
2026-05-10;Pathology67;15;54.2
2026-05-10;Pathology68;19;51.631579
2026-05-10;Pathology69;21;48.904762
2026-05-10;Pathology7;23;60.26087
2026-05-10;Pathology70;22;42.227273
2026-05-10;Pathology71;11;54.909091
2026-05-10;Pathology72;11;37.363636
2026-05-10;Pathology73;20;57.45
2026-05-10;Pathology74;19;47.105263
2026-05-10;Pathology75;14;55.5
2026-05-10;Pathology76;16;51.0625
2026-05-10;Pathology77;17;48.411765
2026-05-10;Pathology78;17;45.764706
2026-05-10;Pathology79;15;56.333333
2026-05-10;Pathology8;19;47.473684
2026-05-10;Pathology80;17;52.176471
2026-05-10;Pathology81;13;58.230769
2026-05-10;Pathology82;18;36.666667
2026-05-10;Pathology83;16;57.625
2026-05-10;Pathology84;14;43.571429
2026-05-10;Pathology85;13;43.076923
2026-05-10;Pathology86;11;57.454545
2026-05-10;Pathology87;31;50.354839
2026-05-10;Pathology88;18;51.444444
2026-05-10;Pathology89;18;48.111111
2026-05-10;Pathology9;11;47.454545
2026-05-10;Pathology90;16;57.75
2026-05-10;Pathology91;17;61.176471
2026-05-10;Pathology92;17;56.058824
2026-05-10;Pathology93;16;55.25
2026-05-10;Pathology94;14;51.357143
2026-05-10;Pathology95;23;50.086957
2026-05-10;Pathology96;20;47.1
2026-05-10;Pathology97;19;53.684211
2026-05-10;Pathology98;23;53.0
2026-05-10;Pathology99;19;56.315789
