MOIS;PATHOLOGIE;NB_CHAMBRES_UTILISEES
2026-04-01;Pathology1;11
2026-04-01;Pathology10;12
2026-04-01;Pathology11;15
2026-04-01;Pathology12;15
2026-04-01;Pathology13;5
2026-04-01;Pathology14;6
2026-04-01;Pathology15;9
2026-04-01;Pathology16;9
2026-04-01;Pathology17;9
2026-04-01;Pathology18;14
2026-04-01;Pathology19;14
2026-04-01;Pathology2;12
2026-04-01;Pathology20;11
2026-04-01;Pathology21;11
2026-04-01;Pathology22;8
2026-04-01;Pathology23;12
2026-04-01;Pathology24;12
2026-04-01;Pathology25;9
2026-04-01;Pathology26;6
2026-04-01;Pathology27;3
2026-04-01;Pathology28;10
2026-04-01;Pathology29;14
2026-04-01;Pathology3;8
2026-04-01;Pathology30;10
2026-04-01;Pathology31;11
2026-04-01;Pathology32;10
2026-04-01;Pathology33;8
2026-04-01;Pathology34;8
2026-04-01;Pathology35;12
2026-04-01;Pathology36;9
2026-04-01;Pathology37;10
2026-04-01;Pathology38;12
2026-04-01;Pathology39;13
2026-04-01;Pathology4;11
2026-04-01;Pathology40;9
2026-04-01;Pathology41;9
2026-04-01;Pathology42;11
2026-04-01;Pathology43;13
2026-04-01;Pathology44;8
2026-04-01;Pathology45;12
2026-04-01;Pathology46;10
2026-04-01;Pathology47;16
2026-04-01;Pathology48;15
2026-04-01;Pathology49;10
2026-04-01;Pathology5;8
2026-04-01;Pathology50;12
2026-04-01;Pathology51;5
2026-04-01;Pathology52;15
2026-04-01;Pathology53;11
2026-04-01;Pathology54;12
2026-04-01;Pathology55;12
2026-04-01;Pathology56;6
2026-04-01;Pathology57;8
2026-04-01;Pathology58;19
2026-04-01;Pathology59;16
2026-04-01;Pathology6;13
2026-04-01;Pathology60;5
2026-04-01;Pathology61;15
2026-04-01;Pathology62;13
2026-04-01;Pathology63;21
2026-04-01;Pathology64;14
2026-04-01;Pathology65;14
2026-04-01;Pathology66;12
2026-04-01;Pathology67;14
2026-04-01;Pathology68;14
2026-04-01;Pathology69;19
2026-04-01;Pathology7;12
2026-04-01;Pathology70;21
2026-04-01;Pathology71;17
2026-04-01;Pathology72;10
2026-04-01;Pathology73;22
2026-04-01;Pathology74;20
2026-04-01;Pathology75;12
2026-04-01;Pathology76;16
2026-04-01;Pathology77;23
2026-04-01;Pathology78;15
2026-04-01;Pathology79;26
2026-04-01;Pathology8;9
2026-04-01;Pathology80;10
2026-04-01;Pathology81;18
2026-04-01;Pathology82;14
2026-04-01;Pathology83;24
2026-04-01;Pathology84;17
2026-04-01;Pathology85;20
2026-04-01;Pathology86;15
2026-04-01;Pathology87;14
2026-04-01;Pathology88;23
2026-04-01;Pathology89;17
2026-04-01;Pathology9;9
2026-04-01;Pathology90;11
2026-04-01;Pathology91;25
2026-04-01;Pathology92;9
2026-04-01;Pathology93;21
2026-04-01;Pathology94;14
2026-04-01;Pathology95;14
2026-04-01;Pathology96;15
2026-04-01;Pathology97;18
2026-04-01;Pathology98;18
2026-04-01;Pathology99;18
2026-05-01;Pathology1;84
2026-05-01;Pathology10;78
2026-05-01;Pathology11;75
2026-05-01;Pathology12;59
2026-05-01;Pathology13;77
2026-05-01;Pathology14;73
2026-05-01;Pathology15;77
2026-05-01;Pathology16;75
2026-05-01;Pathology17;63
2026-05-01;Pathology18;69
2026-05-01;Pathology19;70
2026-05-01;Pathology2;80
2026-05-01;Pathology20;73
2026-05-01;Pathology21;72
2026-05-01;Pathology22;81
2026-05-01;Pathology23;91
2026-05-01;Pathology24;73
2026-05-01;Pathology25;72
2026-05-01;Pathology26;87
2026-05-01;Pathology27;79
2026-05-01;Pathology28;74
2026-05-01;Pathology29;70
2026-05-01;Pathology3;66
2026-05-01;Pathology30;66
2026-05-01;Pathology31;76
2026-05-01;Pathology32;71
2026-05-01;Pathology33;77
2026-05-01;Pathology34;67
2026-05-01;Pathology35;69
2026-05-01;Pathology36;71
2026-05-01;Pathology37;83
2026-05-01;Pathology38;63
2026-05-01;Pathology39;68
2026-05-01;Pathology4;79
2026-05-01;Pathology40;77
2026-05-01;Pathology41;83
2026-05-01;Pathology42;69
2026-05-01;Pathology43;80
2026-05-01;Pathology44;62
2026-05-01;Pathology45;75
2026-05-01;Pathology46;68
2026-05-01;Pathology47;71
2026-05-01;Pathology48;83
2026-05-01;Pathology49;75
2026-05-01;Pathology5;84
2026-05-01;Pathology50;76
2026-05-01;Pathology51;69
2026-05-01;Pathology52;67
2026-05-01;Pathology53;71
2026-05-01;Pathology54;66
2026-05-01;Pathology55;76
2026-05-01;Pathology56;74
2026-05-01;Pathology57;80
2026-05-01;Pathology58;83
2026-05-01;Pathology59;75
2026-05-01;Pathology6;63
2026-05-01;Pathology60;82
2026-05-01;Pathology61;115
2026-05-01;Pathology62;123
2026-05-01;Pathology63;119
2026-05-01;Pathology64;117
2026-05-01;Pathology65;113
2026-05-01;Pathology66;108
2026-05-01;Pathology67;101
2026-05-01;Pathology68;106
2026-05-01;Pathology69;109
2026-05-01;Pathology7;69
2026-05-01;Pathology70;106
2026-05-01;Pathology71;113
2026-05-01;Pathology72;100
2026-05-01;Pathology73;120
2026-05-01;Pathology74;110
2026-05-01;Pathology75;102
2026-05-01;Pathology76;90
2026-05-01;Pathology77;112
2026-05-01;Pathology78;109
2026-05-01;Pathology79;104
2026-05-01;Pathology8;76
2026-05-01;Pathology80;127
2026-05-01;Pathology81;116
2026-05-01;Pathology82;105
2026-05-01;Pathology83;114
2026-05-01;Pathology84;116
2026-05-01;Pathology85;131
2026-05-01;Pathology86;95
2026-05-01;Pathology87;121
2026-05-01;Pathology88;101
2026-05-01;Pathology89;111
2026-05-01;Pathology9;81
2026-05-01;Pathology90;99
2026-05-01;Pathology91;114
2026-05-01;Pathology92;117
2026-05-01;Pathology93;109
2026-05-01;Pathology94;106
2026-05-01;Pathology95;110
2026-05-01;Pathology96;105
2026-05-01;Pathology97;122
2026-05-01;Pathology98;121
2026-05-01;Pathology99;122
